,start,end,rpc_method,error
0,2024-02-19 07:58:46.895695,2024-02-19 07:58:49.201551,eth_getBlockByNumber,
1,2024-02-19 07:58:46.896193,2024-02-19 07:58:48.843566,eth_getBlockByNumber,
2,2024-02-19 07:58:46.896449,2024-02-19 07:58:48.359434,eth_getBlockByNumber,
3,2024-02-19 07:58:46.896675,2024-02-19 07:58:48.411408,eth_getBlockByNumber,
4,2024-02-19 07:58:46.896883,2024-02-19 07:58:50.681346,eth_getBlockByNumber,
5,2024-02-19 07:58:46.897085,2024-02-19 07:58:49.702802,eth_getBlockByNumber,
6,2024-02-19 07:58:46.897277,2024-02-19 07:58:48.890106,eth_getBlockByNumber,
7,2024-02-19 07:58:46.897566,2024-02-19 07:58:49.612168,eth_getBlockByNumber,
8,2024-02-19 07:58:46.897790,2024-02-19 07:58:48.311736,eth_getBlockByNumber,
9,2024-02-19 07:58:46.897990,2024-02-19 07:58:48.544681,eth_getBlockByNumber,
10,2024-02-19 07:58:46.898184,2024-02-19 07:58:49.222649,eth_getBlockByNumber,
11,2024-02-19 07:58:46.898373,2024-02-19 07:58:49.632343,eth_getBlockByNumber,
12,2024-02-19 07:58:46.898651,2024-02-19 07:58:49.155132,eth_getBlockByNumber,
13,2024-02-19 07:58:46.898886,2024-02-19 07:58:48.569059,eth_getBlockByNumber,
14,2024-02-19 07:58:46.899085,2024-02-19 07:58:48.579092,eth_getBlockByNumber,
15,2024-02-19 07:58:46.899276,2024-02-19 07:58:48.588660,eth_getBlockByNumber,
16,2024-02-19 07:58:46.899560,2024-02-19 07:58:49.004763,eth_getBlockByNumber,
17,2024-02-19 07:58:46.899786,2024-02-19 07:58:48.742144,eth_getBlockByNumber,
18,2024-02-19 07:58:46.899990,2024-02-19 07:58:48.968512,eth_getBlockByNumber,
19,2024-02-19 07:58:46.900184,2024-02-19 07:58:48.562172,eth_getBlockByNumber,
20,2024-02-19 07:58:46.900375,2024-02-19 07:58:48.853500,eth_getBlockByNumber,
21,2024-02-19 07:58:46.900568,2024-02-19 07:58:48.924281,eth_getBlockByNumber,
22,2024-02-19 07:58:46.900780,2024-02-19 07:58:48.455917,eth_getBlockByNumber,
23,2024-02-19 07:58:46.900979,2024-02-19 07:58:48.669883,eth_getBlockByNumber,
24,2024-02-19 07:58:46.901175,2024-02-19 07:58:50.523034,eth_getBlockByNumber,
25,2024-02-19 07:58:46.901369,2024-02-19 07:58:48.592224,eth_getBlockByNumber,
26,2024-02-19 07:58:46.901643,2024-02-19 07:58:48.633213,eth_getBlockByNumber,
27,2024-02-19 07:58:46.901948,2024-02-19 07:58:49.166616,eth_getBlockByNumber,
28,2024-02-19 07:58:46.902151,2024-02-19 07:58:49.513450,eth_getBlockByNumber,
29,2024-02-19 07:58:46.902352,2024-02-19 07:58:49.180480,eth_getBlockByNumber,
30,2024-02-19 07:58:46.902635,2024-02-19 07:58:48.642942,eth_getBlockByNumber,
31,2024-02-19 07:58:46.902864,2024-02-19 07:58:49.051591,eth_getBlockByNumber,
32,2024-02-19 07:58:46.903075,2024-02-19 07:58:48.757254,eth_getBlockByNumber,
33,2024-02-19 07:58:46.903270,2024-02-19 07:58:48.653687,eth_getBlockByNumber,
34,2024-02-19 07:58:46.903461,2024-02-19 07:58:50.629288,eth_getBlockByNumber,
35,2024-02-19 07:58:46.903657,2024-02-19 07:58:50.118807,eth_getBlockByNumber,
36,2024-02-19 07:58:46.903955,2024-02-19 07:58:48.523665,eth_getBlockByNumber,
37,2024-02-19 07:58:46.904155,2024-02-19 07:58:48.930108,eth_getBlockByNumber,
38,2024-02-19 07:58:46.904350,2024-02-19 07:58:49.227977,eth_getBlockByNumber,
39,2024-02-19 07:58:46.904552,2024-02-19 07:58:48.530913,eth_getBlockByNumber,
40,2024-02-19 07:58:46.904757,2024-02-19 07:58:48.901003,eth_getBlockByNumber,
41,2024-02-19 07:58:46.904952,2024-02-19 07:58:49.795349,eth_getBlockByNumber,
42,2024-02-19 07:58:46.905142,2024-02-19 07:58:48.619692,eth_getBlockByNumber,
43,2024-02-19 07:58:46.905334,2024-02-19 07:58:48.716467,eth_getBlockByNumber,
44,2024-02-19 07:58:46.905533,2024-02-19 07:58:48.996405,eth_getBlockByNumber,
45,2024-02-19 07:58:46.905834,2024-02-19 07:58:48.539665,eth_getBlockByNumber,
46,2024-02-19 07:58:46.906044,2024-02-19 07:58:49.722096,eth_getBlockByNumber,
47,2024-02-19 07:58:46.906239,2024-02-19 07:58:48.585984,eth_getBlockByNumber,
48,2024-02-19 07:58:46.906433,2024-02-19 07:58:48.866323,eth_getBlockByNumber,
49,2024-02-19 07:58:46.906660,2024-02-19 07:58:48.549091,eth_getBlockByNumber,
50,2024-02-19 07:58:46.906874,2024-02-19 07:58:48.869200,eth_getBlockByNumber,
51,2024-02-19 07:58:46.907064,2024-02-19 07:58:49.096670,eth_getBlockByNumber,
52,2024-02-19 07:58:46.907254,2024-02-19 07:58:49.351366,eth_getBlockByNumber,
53,2024-02-19 07:58:46.907488,2024-02-19 07:58:48.838997,eth_getBlockByNumber,
54,2024-02-19 07:58:46.907692,2024-02-19 07:58:49.569628,eth_getBlockByNumber,
55,2024-02-19 07:58:46.908008,2024-02-19 07:58:48.723271,eth_getBlockByNumber,
56,2024-02-19 07:58:46.908213,2024-02-19 07:58:49.574723,eth_getBlockByNumber,
57,2024-02-19 07:58:46.908413,2024-02-19 07:58:49.320975,eth_getBlockByNumber,
58,2024-02-19 07:58:46.908608,2024-02-19 07:58:48.778873,eth_getBlockByNumber,
59,2024-02-19 07:58:46.908811,2024-02-19 07:58:48.812879,eth_getBlockByNumber,
60,2024-02-19 07:58:46.909004,2024-02-19 07:58:48.974274,eth_getBlockByNumber,
61,2024-02-19 07:58:46.909193,2024-02-19 07:58:48.837442,eth_getBlockByNumber,
62,2024-02-19 07:58:46.909386,2024-02-19 07:58:48.609144,eth_getBlockByNumber,
63,2024-02-19 07:58:46.909578,2024-02-19 07:58:48.822576,eth_getBlockByNumber,
64,2024-02-19 07:58:46.909864,2024-02-19 07:58:49.656657,eth_getBlockByNumber,
65,2024-02-19 07:58:46.910121,2024-02-19 07:58:49.424951,eth_getBlockByNumber,
66,2024-02-19 07:58:46.910436,2024-02-19 07:58:49.741597,eth_getBlockByNumber,
67,2024-02-19 07:58:46.910695,2024-02-19 07:58:50.650774,eth_getBlockByNumber,
68,2024-02-19 07:58:46.910902,2024-02-19 07:58:49.209059,eth_getBlockByNumber,
69,2024-02-19 07:58:46.911104,2024-02-19 07:58:49.150220,eth_getBlockByNumber,
70,2024-02-19 07:58:46.911303,2024-02-19 07:58:48.796643,eth_getBlockByNumber,
71,2024-02-19 07:58:46.911499,2024-02-19 07:58:49.015341,eth_getBlockByNumber,
72,2024-02-19 07:58:46.911700,2024-02-19 07:58:48.474834,eth_getBlockByNumber,
73,2024-02-19 07:58:46.911898,2024-02-19 07:58:50.101841,eth_getBlockByNumber,
74,2024-02-19 07:58:46.912182,2024-02-19 07:58:48.484531,eth_getBlockByNumber,
75,2024-02-19 07:58:46.912387,2024-02-19 07:58:48.701946,eth_getBlockByNumber,
76,2024-02-19 07:58:46.912580,2024-02-19 07:58:49.135662,eth_getBlockByNumber,
77,2024-02-19 07:58:46.912784,2024-02-19 07:58:48.605067,eth_getBlockByNumber,
78,2024-02-19 07:58:46.912977,2024-02-19 07:58:48.872815,eth_getBlockByNumber,
79,2024-02-19 07:58:46.913169,2024-02-19 07:58:48.947966,eth_getBlockByNumber,
80,2024-02-19 07:58:46.913358,2024-02-19 07:58:49.389483,eth_getBlockByNumber,
81,2024-02-19 07:58:46.913548,2024-02-19 07:58:49.459836,eth_getBlockByNumber,
82,2024-02-19 07:58:46.913749,2024-02-19 07:58:48.300520,eth_getBlockByNumber,
83,2024-02-19 07:58:46.914028,2024-02-19 07:58:48.885489,eth_getBlockByNumber,
84,2024-02-19 07:58:46.914235,2024-02-19 07:58:48.676157,eth_getBlockByNumber,
85,2024-02-19 07:58:46.914434,2024-02-19 07:58:48.517505,eth_getBlockByNumber,
86,2024-02-19 07:58:46.914663,2024-02-19 07:58:48.978492,eth_getBlockByNumber,
87,2024-02-19 07:58:46.914873,2024-02-19 07:58:48.735401,eth_getBlockByNumber,
88,2024-02-19 07:58:46.915072,2024-02-19 07:58:48.737534,eth_getBlockByNumber,
89,2024-02-19 07:58:46.915269,2024-02-19 07:58:48.767926,eth_getBlockByNumber,
90,2024-02-19 07:58:46.915460,2024-02-19 07:58:48.649036,eth_getBlockByNumber,
91,2024-02-19 07:58:46.915655,2024-02-19 07:58:48.571999,eth_getBlockByNumber,
92,2024-02-19 07:58:46.915865,2024-02-19 07:58:49.668894,eth_getBlockByNumber,
93,2024-02-19 07:58:46.917406,2024-02-19 07:58:49.112356,eth_getBlockByNumber,
94,2024-02-19 07:58:46.917642,2024-02-19 07:58:48.773448,eth_getBlockByNumber,
95,2024-02-19 07:58:46.917864,2024-02-19 07:58:48.829691,eth_getBlockByNumber,
96,2024-02-19 07:58:46.918067,2024-02-19 07:58:48.682024,eth_getBlockByNumber,
97,2024-02-19 07:58:46.918265,2024-02-19 07:58:49.125881,eth_getBlockByNumber,
98,2024-02-19 07:58:46.918491,2024-02-19 07:58:50.772170,eth_getBlockByNumber,
99,2024-02-19 07:58:46.918707,2024-02-19 07:58:48.615593,eth_getBlockByNumber,
100,2024-02-19 07:58:48.300808,2024-02-19 07:58:49.848340,eth_getBlockByNumber,
101,2024-02-19 07:58:48.312712,2024-02-19 07:58:49.057049,eth_getBlockByNumber,
102,2024-02-19 07:58:48.360416,2024-02-19 07:58:49.241951,eth_getBlockByNumber,
103,2024-02-19 07:58:48.412703,2024-02-19 07:58:49.413767,eth_getBlockByNumber,
104,2024-02-19 07:58:48.457158,2024-02-19 07:58:49.078224,eth_getBlockByNumber,
105,2024-02-19 07:58:48.476201,2024-02-19 07:58:49.064093,eth_getBlockByNumber,
106,2024-02-19 07:58:48.485938,2024-02-19 07:58:49.428511,eth_getBlockByNumber,
107,2024-02-19 07:58:48.519052,2024-02-19 07:58:49.042383,eth_getBlockByNumber,
108,2024-02-19 07:58:48.524713,2024-02-19 07:58:50.485535,eth_getBlockByNumber,
109,2024-02-19 07:58:48.531915,2024-02-19 07:58:49.855061,eth_getBlockByNumber,
110,2024-02-19 07:58:48.540905,2024-02-19 07:58:49.159558,eth_getBlockByNumber,
111,2024-02-19 07:58:48.545860,2024-02-19 07:58:49.506821,eth_getBlockByNumber,
112,2024-02-19 07:58:48.550393,2024-02-19 07:58:49.697796,eth_getBlockByNumber,
113,2024-02-19 07:58:48.563158,2024-02-19 07:58:49.335977,eth_getBlockByNumber,
114,2024-02-19 07:58:48.570627,2024-02-19 07:58:49.786255,eth_getBlockByNumber,
115,2024-02-19 07:58:48.573778,2024-02-19 07:58:49.282524,eth_getBlockByNumber,
116,2024-02-19 07:58:48.580351,2024-02-19 07:58:49.194129,eth_getBlockByNumber,
117,2024-02-19 07:58:48.587531,2024-02-19 07:58:49.733794,eth_getBlockByNumber,
118,2024-02-19 07:58:48.589653,2024-02-19 07:58:49.293111,eth_getBlockByNumber,
119,2024-02-19 07:58:48.593328,2024-02-19 07:58:49.297891,eth_getBlockByNumber,
120,2024-02-19 07:58:48.605970,2024-02-19 07:58:49.673779,eth_getBlockByNumber,
121,2024-02-19 07:58:48.610734,2024-02-19 07:58:49.220300,eth_getBlockByNumber,
122,2024-02-19 07:58:48.616521,2024-02-19 07:58:49.601746,eth_getBlockByNumber,
123,2024-02-19 07:58:48.622843,2024-02-19 07:58:49.606606,eth_getBlockByNumber,
124,2024-02-19 07:58:48.634760,2024-02-19 07:58:50.179882,eth_getBlockByNumber,
125,2024-02-19 07:58:48.644231,2024-02-19 07:58:49.365857,eth_getBlockByNumber,
126,2024-02-19 07:58:48.650019,2024-02-19 07:58:49.790790,eth_getBlockByNumber,
127,2024-02-19 07:58:48.654887,2024-02-19 07:58:49.897233,eth_getBlockByNumber,
128,2024-02-19 07:58:48.671456,2024-02-19 07:58:49.330663,eth_getBlockByNumber,
129,2024-02-19 07:58:48.677759,2024-02-19 07:58:49.400432,eth_getBlockByNumber,
130,2024-02-19 07:58:48.683588,2024-02-19 07:58:50.369348,eth_getBlockByNumber,
131,2024-02-19 07:58:48.703430,2024-02-19 07:58:50.842743,eth_getBlockByNumber,
132,2024-02-19 07:58:48.717888,2024-02-19 07:58:49.349070,eth_getBlockByNumber,
133,2024-02-19 07:58:48.724426,2024-02-19 07:58:49.772699,eth_getBlockByNumber,
134,2024-02-19 07:58:48.736753,2024-02-19 07:58:49.338207,eth_getBlockByNumber,
135,2024-02-19 07:58:48.738731,2024-02-19 07:58:50.647954,eth_getBlockByNumber,
136,2024-02-19 07:58:48.743576,2024-02-19 07:58:49.929123,eth_getBlockByNumber,
137,2024-02-19 07:58:48.758684,2024-02-19 07:58:49.391912,eth_getBlockByNumber,
138,2024-02-19 07:58:48.769018,2024-02-19 07:58:49.469618,eth_getBlockByNumber,
139,2024-02-19 07:58:48.774878,2024-02-19 07:58:49.443698,eth_getBlockByNumber,
140,2024-02-19 07:58:48.780256,2024-02-19 07:58:50.499510,eth_getBlockByNumber,
141,2024-02-19 07:58:48.798340,2024-02-19 07:58:49.528651,eth_getBlockByNumber,
142,2024-02-19 07:58:48.814028,2024-02-19 07:58:49.843280,eth_getBlockByNumber,
143,2024-02-19 07:58:48.824496,2024-02-19 07:58:51.728157,eth_getBlockByNumber,
144,2024-02-19 07:58:48.831098,2024-02-19 07:58:49.566571,eth_getBlockByNumber,
145,2024-02-19 07:58:48.838238,2024-02-19 07:58:50.038533,eth_getBlockByNumber,
146,2024-02-19 07:58:48.840238,2024-02-19 07:58:49.938583,eth_getBlockByNumber,
147,2024-02-19 07:58:48.844779,2024-02-19 07:58:49.546382,eth_getBlockByNumber,
148,2024-02-19 07:58:48.855206,2024-02-19 07:58:49.555637,eth_getBlockByNumber,
149,2024-02-19 07:58:48.867754,2024-02-19 07:58:49.614111,eth_getBlockByNumber,
150,2024-02-19 07:58:48.870703,2024-02-19 07:58:50.133393,eth_getBlockByNumber,
151,2024-02-19 07:58:48.874919,2024-02-19 07:58:50.067438,eth_getBlockByNumber,
152,2024-02-19 07:58:48.887255,2024-02-19 07:58:49.629410,eth_getBlockByNumber,
153,2024-02-19 07:58:48.891379,2024-02-19 07:58:49.636329,eth_getBlockByNumber,
154,2024-02-19 07:58:48.904316,2024-02-19 07:58:49.648807,eth_getBlockByNumber,
155,2024-02-19 07:58:48.925685,2024-02-19 07:58:49.687059,eth_getBlockByNumber,
156,2024-02-19 07:58:48.931807,2024-02-19 07:58:49.997858,eth_getBlockByNumber,
157,2024-02-19 07:58:48.949425,2024-02-19 07:58:50.717831,eth_getBlockByNumber,
158,2024-02-19 07:58:48.970367,2024-02-19 07:58:49.706251,eth_getBlockByNumber,
159,2024-02-19 07:58:48.975711,2024-02-19 07:58:49.590140,eth_getBlockByNumber,
160,2024-02-19 07:58:48.980011,2024-02-19 07:58:51.684286,eth_getBlockByNumber,
161,2024-02-19 07:58:48.998068,2024-02-19 07:58:52.044339,eth_getBlockByNumber,
162,2024-02-19 07:58:49.006609,2024-02-19 07:58:50.874844,eth_getBlockByNumber,
163,2024-02-19 07:58:49.016801,2024-02-19 07:58:49.955053,eth_getBlockByNumber,
164,2024-02-19 07:58:49.043346,2024-02-19 07:58:49.817951,eth_getBlockByNumber,
165,2024-02-19 07:58:49.052663,2024-02-19 07:58:49.863795,eth_getBlockByNumber,
166,2024-02-19 07:58:49.058128,2024-02-19 07:58:50.660112,eth_getBlockByNumber,
167,2024-02-19 07:58:49.065272,2024-02-19 07:58:49.875035,eth_getBlockByNumber,
168,2024-02-19 07:58:49.079143,2024-02-19 07:58:50.114787,eth_getBlockByNumber,
169,2024-02-19 07:58:49.098207,2024-02-19 07:58:49.878274,eth_getBlockByNumber,
170,2024-02-19 07:58:49.113604,2024-02-19 07:58:49.859922,eth_getBlockByNumber,
171,2024-02-19 07:58:49.127603,2024-02-19 07:58:50.799860,eth_getBlockByNumber,
172,2024-02-19 07:58:49.137542,2024-02-19 07:58:50.697949,eth_getBlockByNumber,
173,2024-02-19 07:58:49.151570,2024-02-19 07:58:49.970539,eth_getBlockByNumber,
174,2024-02-19 07:58:49.156419,2024-02-19 07:58:49.906171,eth_getBlockByNumber,
175,2024-02-19 07:58:49.160513,2024-02-19 07:58:49.908493,eth_getBlockByNumber,
176,2024-02-19 07:58:49.168487,2024-02-19 07:58:50.325096,eth_getBlockByNumber,
177,2024-02-19 07:58:49.183437,2024-02-19 07:58:50.125367,eth_getBlockByNumber,
178,2024-02-19 07:58:49.195045,2024-02-19 07:58:50.033652,eth_getBlockByNumber,
179,2024-02-19 07:58:49.203105,2024-02-19 07:58:49.981912,eth_getBlockByNumber,
180,2024-02-19 07:58:49.210524,2024-02-19 07:58:51.490959,eth_getBlockByNumber,
181,2024-02-19 07:58:49.221038,2024-02-19 07:58:50.163732,eth_getBlockByNumber,
182,2024-02-19 07:58:49.224421,2024-02-19 07:58:50.026916,eth_getBlockByNumber,
183,2024-02-19 07:58:49.231264,2024-02-19 07:58:51.716026,eth_getBlockByNumber,
184,2024-02-19 07:58:49.243210,2024-02-19 07:58:50.011721,eth_getBlockByNumber,
185,2024-02-19 07:58:49.283768,2024-02-19 07:58:49.968586,eth_getBlockByNumber,
186,2024-02-19 07:58:49.293977,2024-02-19 07:58:50.296044,eth_getBlockByNumber,
187,2024-02-19 07:58:49.299073,2024-02-19 07:58:49.950645,eth_getBlockByNumber,
188,2024-02-19 07:58:49.322247,2024-02-19 07:58:50.232922,eth_getBlockByNumber,
189,2024-02-19 07:58:49.331784,2024-02-19 07:58:50.856221,eth_getBlockByNumber,
190,2024-02-19 07:58:49.336921,2024-02-19 07:58:50.820810,eth_getBlockByNumber,
191,2024-02-19 07:58:49.339005,2024-02-19 07:58:50.743070,eth_getBlockByNumber,
192,2024-02-19 07:58:49.349970,2024-02-19 07:58:50.552936,eth_getBlockByNumber,
193,2024-02-19 07:58:49.352946,2024-02-19 07:58:52.129885,eth_getBlockByNumber,
194,2024-02-19 07:58:49.367731,2024-02-19 07:58:50.053171,eth_getBlockByNumber,
195,2024-02-19 07:58:49.391162,2024-02-19 07:58:50.149546,eth_getBlockByNumber,
196,2024-02-19 07:58:49.393357,2024-02-19 07:58:50.437215,eth_getBlockByNumber,
197,2024-02-19 07:58:49.403177,2024-02-19 07:58:50.159689,eth_getBlockByNumber,
198,2024-02-19 07:58:49.415150,2024-02-19 07:58:50.096093,eth_getBlockByNumber,
199,2024-02-19 07:58:49.426788,2024-02-19 07:58:50.239150,eth_getBlockByNumber,
200,2024-02-19 07:58:49.429966,2024-02-19 07:58:50.243132,eth_getBlockByNumber,
201,2024-02-19 07:58:49.445006,2024-02-19 07:58:51.185855,eth_getBlockByNumber,
202,2024-02-19 07:58:49.461906,2024-02-19 07:58:51.382100,eth_getBlockByNumber,
203,2024-02-19 07:58:49.471140,2024-02-19 07:58:50.381779,eth_getBlockByNumber,
204,2024-02-19 07:58:49.507997,2024-02-19 07:58:50.353053,eth_getBlockByNumber,
205,2024-02-19 07:58:49.516268,2024-02-19 07:58:50.808187,eth_getBlockByNumber,
206,2024-02-19 07:58:49.531757,2024-02-19 07:58:51.588459,eth_getBlockByNumber,
207,2024-02-19 07:58:49.547567,2024-02-19 07:58:50.210055,eth_getBlockByNumber,
208,2024-02-19 07:58:49.557123,2024-02-19 07:58:50.154990,eth_getBlockByNumber,
209,2024-02-19 07:58:49.568296,2024-02-19 07:58:50.938929,eth_getBlockByNumber,
210,2024-02-19 07:58:49.572290,2024-02-19 07:58:50.259331,eth_getBlockByNumber,
211,2024-02-19 07:58:49.576783,2024-02-19 07:58:50.172095,eth_getBlockByNumber,
212,2024-02-19 07:58:49.590821,2024-02-19 07:58:50.854366,eth_getBlockByNumber,
213,2024-02-19 07:58:49.603309,2024-02-19 07:58:50.283887,eth_getBlockByNumber,
214,2024-02-19 07:58:49.608191,2024-02-19 07:58:50.287835,eth_getBlockByNumber,
215,2024-02-19 07:58:49.615111,2024-02-19 07:58:50.394815,eth_getBlockByNumber,
216,2024-02-19 07:58:49.615919,2024-02-19 07:58:51.060002,eth_getBlockByNumber,
217,2024-02-19 07:58:49.630501,2024-02-19 07:58:51.144995,eth_getBlockByNumber,
218,2024-02-19 07:58:49.637094,2024-02-19 07:58:50.376733,eth_getBlockByNumber,
219,2024-02-19 07:58:49.638116,2024-02-19 07:58:50.379857,eth_getBlockByNumber,
220,2024-02-19 07:58:49.650138,2024-02-19 07:58:50.945199,eth_getBlockByNumber,
221,2024-02-19 07:58:49.660751,2024-02-19 07:58:50.329995,eth_getBlockByNumber,
222,2024-02-19 07:58:49.670677,2024-02-19 07:58:50.817162,eth_getBlockByNumber,
223,2024-02-19 07:58:49.676146,2024-02-19 07:58:50.372287,eth_getBlockByNumber,
224,2024-02-19 07:58:49.688433,2024-02-19 07:58:53.427794,eth_getBlockByNumber,
225,2024-02-19 07:58:49.700043,2024-02-19 07:58:50.594324,eth_getBlockByNumber,
226,2024-02-19 07:58:49.704773,2024-02-19 07:58:50.766102,eth_getBlockByNumber,
227,2024-02-19 07:58:49.707636,2024-02-19 07:58:50.407154,eth_getBlockByNumber,
228,2024-02-19 07:58:49.726117,2024-02-19 07:58:50.420173,eth_getBlockByNumber,
229,2024-02-19 07:58:49.735715,2024-02-19 07:58:51.003611,eth_getBlockByNumber,
230,2024-02-19 07:58:49.744931,2024-02-19 07:58:51.075500,eth_getBlockByNumber,
231,2024-02-19 07:58:49.774982,2024-02-19 07:58:50.531414,eth_getBlockByNumber,
232,2024-02-19 07:58:49.787880,2024-02-19 07:58:50.782899,eth_getBlockByNumber,
233,2024-02-19 07:58:49.792728,2024-02-19 07:58:50.712244,eth_getBlockByNumber,
234,2024-02-19 07:58:49.797946,2024-02-19 07:58:50.509214,eth_getBlockByNumber,
235,2024-02-19 07:58:49.822613,2024-02-19 07:58:51.083456,eth_getBlockByNumber,
236,2024-02-19 07:58:49.844786,2024-02-19 07:58:50.568472,eth_getBlockByNumber,
237,2024-02-19 07:58:49.850109,2024-02-19 07:58:51.744707,eth_getBlockByNumber,
238,2024-02-19 07:58:49.856552,2024-02-19 07:58:50.544311,eth_getBlockByNumber,
239,2024-02-19 07:58:49.861254,2024-02-19 07:58:50.505645,eth_getBlockByNumber,
240,2024-02-19 07:58:49.864854,2024-02-19 07:58:50.581780,eth_getBlockByNumber,
241,2024-02-19 07:58:49.876499,2024-02-19 07:58:50.844688,eth_getBlockByNumber,
242,2024-02-19 07:58:49.879852,2024-02-19 07:58:50.692773,eth_getBlockByNumber,
243,2024-02-19 07:58:49.899413,2024-02-19 07:58:51.288734,eth_getBlockByNumber,
244,2024-02-19 07:58:49.907754,2024-02-19 07:58:50.516572,eth_getBlockByNumber,
245,2024-02-19 07:58:49.909960,2024-02-19 07:58:50.727902,eth_getBlockByNumber,
246,2024-02-19 07:58:49.930121,2024-02-19 07:58:51.920479,eth_getBlockByNumber,
247,2024-02-19 07:58:49.940001,2024-02-19 07:58:50.616046,eth_getBlockByNumber,
248,2024-02-19 07:58:49.951659,2024-02-19 07:58:50.777023,eth_getBlockByNumber,
249,2024-02-19 07:58:49.956230,2024-02-19 07:58:50.636099,eth_getBlockByNumber,
250,2024-02-19 07:58:49.969438,2024-02-19 07:58:51.029110,eth_getBlockByNumber,
251,2024-02-19 07:58:49.971827,2024-02-19 07:58:51.095629,eth_getBlockByNumber,
252,2024-02-19 07:58:49.983189,2024-02-19 07:58:50.701034,eth_getBlockByNumber,
253,2024-02-19 07:58:49.999183,2024-02-19 07:58:50.677673,eth_getBlockByNumber,
254,2024-02-19 07:58:50.012923,2024-02-19 07:58:51.369291,eth_getBlockByNumber,
255,2024-02-19 07:58:50.028349,2024-02-19 07:58:50.832963,eth_getBlockByNumber,
256,2024-02-19 07:58:50.035222,2024-02-19 07:58:51.552482,eth_getBlockByNumber,
257,2024-02-19 07:58:50.039914,2024-02-19 07:58:52.740638,eth_getBlockByNumber,
258,2024-02-19 07:58:50.054249,2024-02-19 07:58:50.750432,eth_getBlockByNumber,
259,2024-02-19 07:58:50.070175,2024-02-19 07:58:50.732660,eth_getBlockByNumber,
260,2024-02-19 07:58:50.097168,2024-02-19 07:58:50.917062,eth_getBlockByNumber,
261,2024-02-19 07:58:50.106748,2024-02-19 07:58:50.921483,eth_getBlockByNumber,
262,2024-02-19 07:58:50.116379,2024-02-19 07:58:50.787056,eth_getBlockByNumber,
263,2024-02-19 07:58:50.120613,2024-02-19 07:58:52.350703,eth_getBlockByNumber,
264,2024-02-19 07:58:50.127136,2024-02-19 07:58:50.903330,eth_getBlockByNumber,
265,2024-02-19 07:58:50.135558,2024-02-19 07:58:51.063913,eth_getBlockByNumber,
266,2024-02-19 07:58:50.151109,2024-02-19 07:58:50.863760,eth_getBlockByNumber,
267,2024-02-19 07:58:50.155964,2024-02-19 07:58:51.151371,eth_getBlockByNumber,
268,2024-02-19 07:58:50.160869,2024-02-19 07:58:50.792233,eth_getBlockByNumber,
269,2024-02-19 07:58:50.165388,2024-02-19 07:58:50.906155,eth_getBlockByNumber,
270,2024-02-19 07:58:50.172795,2024-02-19 07:58:50.882703,eth_getBlockByNumber,
271,2024-02-19 07:58:50.181609,2024-02-19 07:58:50.890960,eth_getBlockByNumber,
272,2024-02-19 07:58:50.210993,2024-02-19 07:58:50.927033,eth_getBlockByNumber,
273,2024-02-19 07:58:50.234602,2024-02-19 07:58:51.135897,eth_getBlockByNumber,
274,2024-02-19 07:58:50.240558,2024-02-19 07:58:51.570716,eth_getBlockByNumber,
275,2024-02-19 07:58:50.244842,2024-02-19 07:58:50.963129,eth_getBlockByNumber,
276,2024-02-19 07:58:50.260775,2024-02-19 07:58:51.260201,eth_getBlockByNumber,
277,2024-02-19 07:58:50.284886,2024-02-19 07:58:51.126244,eth_getBlockByNumber,
278,2024-02-19 07:58:50.288902,2024-02-19 07:58:51.001329,eth_getBlockByNumber,
279,2024-02-19 07:58:50.299216,2024-02-19 07:58:51.405663,eth_getBlockByNumber,
280,2024-02-19 07:58:50.327233,2024-02-19 07:58:51.206919,eth_getBlockByNumber,
281,2024-02-19 07:58:50.331280,2024-02-19 07:58:51.041598,eth_getBlockByNumber,
282,2024-02-19 07:58:50.356854,2024-02-19 07:58:51.072878,eth_getBlockByNumber,
283,2024-02-19 07:58:50.371530,2024-02-19 07:58:51.623261,eth_getBlockByNumber,
284,2024-02-19 07:58:50.373650,2024-02-19 07:58:52.459800,eth_getBlockByNumber,
285,2024-02-19 07:58:50.378360,2024-02-19 07:58:51.189249,eth_getBlockByNumber,
286,2024-02-19 07:58:50.383204,2024-02-19 07:58:51.319165,eth_getBlockByNumber,
287,2024-02-19 07:58:50.384131,2024-02-19 07:58:52.093222,eth_getBlockByNumber,
288,2024-02-19 07:58:50.396261,2024-02-19 07:58:53.197216,eth_getBlockByNumber,
289,2024-02-19 07:58:50.408404,2024-02-19 07:58:51.113754,eth_getBlockByNumber,
290,2024-02-19 07:58:50.421639,2024-02-19 07:58:51.169461,eth_getBlockByNumber,
291,2024-02-19 07:58:50.440156,2024-02-19 07:58:51.942614,eth_getBlockByNumber,
292,2024-02-19 07:58:50.487910,2024-02-19 07:58:51.212412,eth_getBlockByNumber,
293,2024-02-19 07:58:50.502521,2024-02-19 07:58:51.450755,eth_getBlockByNumber,
294,2024-02-19 07:58:50.507131,2024-02-19 07:58:51.225444,eth_getBlockByNumber,
295,2024-02-19 07:58:50.510660,2024-02-19 07:58:51.391466,eth_getBlockByNumber,
296,2024-02-19 07:58:50.517842,2024-02-19 07:58:51.233976,eth_getBlockByNumber,
297,2024-02-19 07:58:50.528093,2024-02-19 07:58:51.236613,eth_getBlockByNumber,
298,2024-02-19 07:58:50.532928,2024-02-19 07:58:51.504919,eth_getBlockByNumber,
299,2024-02-19 07:58:50.546023,2024-02-19 07:58:51.882780,eth_getBlockByNumber,
300,2024-02-19 07:58:50.554436,2024-02-19 07:58:51.807435,eth_getBlockByNumber,
301,2024-02-19 07:58:50.570784,2024-02-19 07:58:51.755676,eth_getBlockByNumber,
302,2024-02-19 07:58:50.583630,2024-02-19 07:58:51.263448,eth_getBlockByNumber,
303,2024-02-19 07:58:50.596236,2024-02-19 07:58:51.410088,eth_getBlockByNumber,
304,2024-02-19 07:58:50.617194,2024-02-19 07:58:51.269328,eth_getBlockByNumber,
305,2024-02-19 07:58:50.632279,2024-02-19 07:58:52.081616,eth_getBlockByNumber,
306,2024-02-19 07:58:50.637267,2024-02-19 07:58:51.315300,eth_getBlockByNumber,
307,2024-02-19 07:58:50.649140,2024-02-19 07:58:51.667808,eth_getBlockByNumber,
308,2024-02-19 07:58:50.654292,2024-02-19 07:58:51.328895,eth_getBlockByNumber,
309,2024-02-19 07:58:50.660773,2024-02-19 07:58:51.365903,eth_getBlockByNumber,
310,2024-02-19 07:58:50.679228,2024-02-19 07:58:51.355404,eth_getBlockByNumber,
311,2024-02-19 07:58:50.683795,2024-02-19 07:58:51.597225,eth_getBlockByNumber,
312,2024-02-19 07:58:50.694612,2024-02-19 07:58:51.335833,eth_getBlockByNumber,
313,2024-02-19 07:58:50.699700,2024-02-19 07:58:52.111675,eth_getBlockByNumber,
314,2024-02-19 07:58:50.702659,2024-02-19 07:58:51.341807,eth_getBlockByNumber,
315,2024-02-19 07:58:50.714331,2024-02-19 07:58:51.454075,eth_getBlockByNumber,
316,2024-02-19 07:58:50.719155,2024-02-19 07:58:51.390249,eth_getBlockByNumber,
317,2024-02-19 07:58:50.730160,2024-02-19 07:58:51.401906,eth_getBlockByNumber,
318,2024-02-19 07:58:50.733584,2024-02-19 07:58:52.290117,eth_getBlockByNumber,
319,2024-02-19 07:58:50.745026,2024-02-19 07:58:54.234694,eth_getBlockByNumber,
320,2024-02-19 07:58:50.751962,2024-02-19 07:58:52.026488,eth_getBlockByNumber,
321,2024-02-19 07:58:50.767864,2024-02-19 07:58:51.708041,eth_getBlockByNumber,
322,2024-02-19 07:58:50.774938,2024-02-19 07:58:51.441354,eth_getBlockByNumber,
323,2024-02-19 07:58:50.778540,2024-02-19 07:58:51.514282,eth_getBlockByNumber,
324,2024-02-19 07:58:50.785449,2024-02-19 07:58:51.954199,eth_getBlockByNumber,
325,2024-02-19 07:58:50.787837,2024-02-19 07:58:52.098966,eth_getBlockByNumber,
326,2024-02-19 07:58:50.793271,2024-02-19 07:58:51.659506,eth_getBlockByNumber,
327,2024-02-19 07:58:50.802342,2024-02-19 07:58:51.529200,eth_getBlockByNumber,
328,2024-02-19 07:58:50.810889,2024-02-19 07:58:51.567867,eth_getBlockByNumber,
329,2024-02-19 07:58:50.819299,2024-02-19 07:58:51.621233,eth_getBlockByNumber,
330,2024-02-19 07:58:50.822859,2024-02-19 07:58:51.582116,eth_getBlockByNumber,
331,2024-02-19 07:58:50.834530,2024-02-19 07:58:51.553990,eth_getBlockByNumber,
332,2024-02-19 07:58:50.845766,2024-02-19 07:58:52.484826,eth_getBlockByNumber,
333,2024-02-19 07:58:50.846900,2024-02-19 07:58:51.565223,eth_getBlockByNumber,
334,2024-02-19 07:58:50.858030,2024-02-19 07:58:51.616779,eth_getBlockByNumber,
335,2024-02-19 07:58:50.858763,2024-02-19 07:58:51.762547,eth_getBlockByNumber,
336,2024-02-19 07:58:50.865294,2024-02-19 07:58:51.771578,eth_getBlockByNumber,
337,2024-02-19 07:58:50.877287,2024-02-19 07:58:52.541741,eth_getBlockByNumber,
338,2024-02-19 07:58:50.883926,2024-02-19 07:58:51.606455,eth_getBlockByNumber,
339,2024-02-19 07:58:50.892214,2024-02-19 07:58:51.647179,eth_getBlockByNumber,
340,2024-02-19 07:58:50.904843,2024-02-19 07:58:51.962824,eth_getBlockByNumber,
341,2024-02-19 07:58:50.907858,2024-02-19 07:58:52.315367,eth_getBlockByNumber,
342,2024-02-19 07:58:50.918437,2024-02-19 07:58:51.752621,eth_getBlockByNumber,
343,2024-02-19 07:58:50.922980,2024-02-19 07:58:51.978092,eth_getBlockByNumber,
344,2024-02-19 07:58:50.928303,2024-02-19 07:58:51.758017,eth_getBlockByNumber,
345,2024-02-19 07:58:50.941333,2024-02-19 07:58:52.250556,eth_getBlockByNumber,
346,2024-02-19 07:58:50.946574,2024-02-19 07:58:51.999384,eth_getBlockByNumber,
347,2024-02-19 07:58:50.964224,2024-02-19 07:58:51.798296,eth_getBlockByNumber,
348,2024-02-19 07:58:51.002386,2024-02-19 07:58:51.905547,eth_getBlockByNumber,
349,2024-02-19 07:58:51.005606,2024-02-19 07:58:51.839632,eth_getBlockByNumber,
350,2024-02-19 07:58:51.031917,2024-02-19 07:58:51.897720,eth_getBlockByNumber,
351,2024-02-19 07:58:51.042940,2024-02-19 07:58:52.055251,eth_getBlockByNumber,
352,2024-02-19 07:58:51.062925,2024-02-19 07:58:53.662384,eth_getBlockByNumber,
353,2024-02-19 07:58:51.065324,2024-02-19 07:58:53.736979,eth_getBlockByNumber,
354,2024-02-19 07:58:51.074033,2024-02-19 07:58:51.713425,eth_getBlockByNumber,
355,2024-02-19 07:58:51.077297,2024-02-19 07:58:51.913003,eth_getBlockByNumber,
356,2024-02-19 07:58:51.085443,2024-02-19 07:58:51.854428,eth_getBlockByNumber,
357,2024-02-19 07:58:51.097731,2024-02-19 07:58:52.363643,eth_getBlockByNumber,
358,2024-02-19 07:58:51.115179,2024-02-19 07:58:51.879618,eth_getBlockByNumber,
359,2024-02-19 07:58:51.128230,2024-02-19 07:58:52.033963,eth_getBlockByNumber,
360,2024-02-19 07:58:51.137436,2024-02-19 07:58:52.178236,eth_getBlockByNumber,
361,2024-02-19 07:58:51.146942,2024-02-19 07:58:52.587243,eth_getBlockByNumber,
362,2024-02-19 07:58:51.156506,2024-02-19 07:58:52.392052,eth_getBlockByNumber,
363,2024-02-19 07:58:51.170661,2024-02-19 07:58:51.902808,eth_getBlockByNumber,
364,2024-02-19 07:58:51.187778,2024-02-19 07:58:51.956773,eth_getBlockByNumber,
365,2024-02-19 07:58:51.191262,2024-02-19 07:58:52.601667,eth_getBlockByNumber,
366,2024-02-19 07:58:51.208471,2024-02-19 07:58:52.076874,eth_getBlockByNumber,
367,2024-02-19 07:58:51.213702,2024-02-19 07:58:51.983995,eth_getBlockByNumber,
368,2024-02-19 07:58:51.226462,2024-02-19 07:58:52.284591,eth_getBlockByNumber,
369,2024-02-19 07:58:51.235177,2024-02-19 07:58:52.516197,eth_getBlockByNumber,
370,2024-02-19 07:58:51.238017,2024-02-19 07:58:52.945867,eth_getBlockByNumber,
371,2024-02-19 07:58:51.262668,2024-02-19 07:58:52.004559,eth_getBlockByNumber,
372,2024-02-19 07:58:51.264717,2024-02-19 07:58:53.164023,eth_getBlockByNumber,
373,2024-02-19 07:58:51.270223,2024-02-19 07:58:52.009901,eth_getBlockByNumber,
374,2024-02-19 07:58:51.291416,2024-02-19 07:58:52.136640,eth_getBlockByNumber,
375,2024-02-19 07:58:51.316609,2024-02-19 07:58:52.318708,eth_getBlockByNumber,
376,2024-02-19 07:58:51.320344,2024-02-19 07:58:52.606959,eth_getBlockByNumber,
377,2024-02-19 07:58:51.330322,2024-02-19 07:58:52.145715,eth_getBlockByNumber,
378,2024-02-19 07:58:51.337041,2024-02-19 07:58:52.555711,eth_getBlockByNumber,
379,2024-02-19 07:58:51.342877,2024-02-19 07:58:52.239908,eth_getBlockByNumber,
380,2024-02-19 07:58:51.357980,2024-02-19 07:58:52.329839,eth_getBlockByNumber,
381,2024-02-19 07:58:51.367310,2024-02-19 07:58:52.337024,eth_getBlockByNumber,
382,2024-02-19 07:58:51.371360,2024-02-19 07:58:52.717018,eth_getBlockByNumber,
383,2024-02-19 07:58:51.383421,2024-02-19 07:58:53.183379,eth_getBlockByNumber,
384,2024-02-19 07:58:51.393125,2024-02-19 07:58:54.175091,eth_getBlockByNumber,
385,2024-02-19 07:58:51.394217,2024-02-19 07:58:52.370179,eth_getBlockByNumber,
386,2024-02-19 07:58:51.403204,2024-02-19 07:58:52.149382,eth_getBlockByNumber,
387,2024-02-19 07:58:51.407923,2024-02-19 07:58:53.101217,eth_getBlockByNumber,
388,2024-02-19 07:58:51.411388,2024-02-19 07:58:52.211897,eth_getBlockByNumber,
389,2024-02-19 07:58:51.442573,2024-02-19 07:58:52.347308,eth_getBlockByNumber,
390,2024-02-19 07:58:51.452390,2024-02-19 07:58:52.436903,eth_getBlockByNumber,
391,2024-02-19 07:58:51.456904,2024-02-19 07:58:52.442022,eth_getBlockByNumber,
392,2024-02-19 07:58:51.496712,2024-02-19 07:58:52.264681,eth_getBlockByNumber,
393,2024-02-19 07:58:51.506578,2024-02-19 07:58:52.303508,eth_getBlockByNumber,
394,2024-02-19 07:58:51.515905,2024-02-19 07:58:52.831289,eth_getBlockByNumber,
395,2024-02-19 07:58:51.530758,2024-02-19 07:58:52.334192,eth_getBlockByNumber,
396,2024-02-19 07:58:51.555053,2024-02-19 07:58:52.810998,eth_getBlockByNumber,
397,2024-02-19 07:58:51.556057,2024-02-19 07:58:52.328325,eth_getBlockByNumber,
398,2024-02-19 07:58:51.566531,2024-02-19 07:58:52.984439,eth_getBlockByNumber,
399,2024-02-19 07:58:51.569357,2024-02-19 07:58:52.649849,eth_getBlockByNumber,
400,2024-02-19 07:58:51.573327,2024-02-19 07:58:52.386006,eth_getBlockByNumber,
401,2024-02-19 07:58:51.584596,2024-02-19 07:58:52.400859,eth_getBlockByNumber,
402,2024-02-19 07:58:51.591315,2024-02-19 07:58:52.900110,eth_getBlockByNumber,
403,2024-02-19 07:58:51.598517,2024-02-19 07:58:52.479411,eth_getBlockByNumber,
404,2024-02-19 07:58:51.607992,2024-02-19 07:58:52.418838,eth_getBlockByNumber,
405,2024-02-19 07:58:51.618744,2024-02-19 07:58:52.694676,eth_getBlockByNumber,
406,2024-02-19 07:58:51.624999,2024-02-19 07:58:52.397388,eth_getBlockByNumber,
407,2024-02-19 07:58:51.625909,2024-02-19 07:58:52.631038,eth_getBlockByNumber,
408,2024-02-19 07:58:51.648920,2024-02-19 07:58:52.920493,eth_getBlockByNumber,
409,2024-02-19 07:58:51.661135,2024-02-19 07:58:52.445714,eth_getBlockByNumber,
410,2024-02-19 07:58:51.669500,2024-02-19 07:58:53.011074,eth_getBlockByNumber,
411,2024-02-19 07:58:51.688800,2024-02-19 07:58:52.770950,eth_getBlockByNumber,
412,2024-02-19 07:58:51.709795,2024-02-19 07:58:52.684705,eth_getBlockByNumber,
413,2024-02-19 07:58:51.713871,2024-02-19 07:58:52.795991,eth_getBlockByNumber,
414,2024-02-19 07:58:51.720299,2024-02-19 07:58:54.504336,eth_getBlockByNumber,
415,2024-02-19 07:58:51.730488,2024-02-19 07:58:53.874702,eth_getBlockByNumber,
416,2024-02-19 07:58:51.747470,2024-02-19 07:58:52.886711,eth_getBlockByNumber,
417,2024-02-19 07:58:51.753780,2024-02-19 07:58:52.528160,eth_getBlockByNumber,
418,2024-02-19 07:58:51.759060,2024-02-19 07:58:52.563157,eth_getBlockByNumber,
419,2024-02-19 07:58:51.759759,2024-02-19 07:58:53.796923,eth_getBlockByNumber,
420,2024-02-19 07:58:51.766392,2024-02-19 07:58:52.568346,eth_getBlockByNumber,
421,2024-02-19 07:58:51.773274,2024-02-19 07:58:52.473993,eth_getBlockByNumber,
422,2024-02-19 07:58:51.799598,2024-02-19 07:58:52.635604,eth_getBlockByNumber,
423,2024-02-19 07:58:51.809438,2024-02-19 07:58:52.977462,eth_getBlockByNumber,
424,2024-02-19 07:58:51.841080,2024-02-19 07:58:53.335175,eth_getBlockByNumber,
425,2024-02-19 07:58:51.855722,2024-02-19 07:58:52.664187,eth_getBlockByNumber,
426,2024-02-19 07:58:51.880950,2024-02-19 07:58:53.769940,eth_getBlockByNumber,
427,2024-02-19 07:58:51.886257,2024-02-19 07:58:52.702028,eth_getBlockByNumber,
428,2024-02-19 07:58:51.899600,2024-02-19 07:58:52.677125,eth_getBlockByNumber,
429,2024-02-19 07:58:51.904305,2024-02-19 07:58:52.720506,eth_getBlockByNumber,
430,2024-02-19 07:58:51.906918,2024-02-19 07:58:52.682150,eth_getBlockByNumber,
431,2024-02-19 07:58:51.914963,2024-02-19 07:58:53.680482,eth_getBlockByNumber,
432,2024-02-19 07:58:51.922731,2024-02-19 07:58:52.735305,eth_getBlockByNumber,
433,2024-02-19 07:58:51.944526,2024-02-19 07:58:53.276185,eth_getBlockByNumber,
434,2024-02-19 07:58:51.955859,2024-02-19 07:58:52.772814,eth_getBlockByNumber,
435,2024-02-19 07:58:51.958319,2024-02-19 07:58:52.746650,eth_getBlockByNumber,
436,2024-02-19 07:58:51.964886,2024-02-19 07:58:52.781712,eth_getBlockByNumber,
437,2024-02-19 07:58:51.981078,2024-02-19 07:58:53.112527,eth_getBlockByNumber,
438,2024-02-19 07:58:51.985384,2024-02-19 07:58:52.927566,eth_getBlockByNumber,
439,2024-02-19 07:58:52.000622,2024-02-19 07:58:52.874956,eth_getBlockByNumber,
440,2024-02-19 07:58:52.006054,2024-02-19 07:58:52.879743,eth_getBlockByNumber,
441,2024-02-19 07:58:52.011389,2024-02-19 07:58:53.078962,eth_getBlockByNumber,
442,2024-02-19 07:58:52.028884,2024-02-19 07:58:53.369139,eth_getBlockByNumber,
443,2024-02-19 07:58:52.035963,2024-02-19 07:58:52.947913,eth_getBlockByNumber,
444,2024-02-19 07:58:52.047164,2024-02-19 07:58:52.854042,eth_getBlockByNumber,
445,2024-02-19 07:58:52.056698,2024-02-19 07:58:52.998290,eth_getBlockByNumber,
446,2024-02-19 07:58:52.078079,2024-02-19 07:58:56.014370,eth_getBlockByNumber,
447,2024-02-19 07:58:52.086125,2024-02-19 07:58:53.465322,eth_getBlockByNumber,
448,2024-02-19 07:58:52.094843,2024-02-19 07:58:52.934927,eth_getBlockByNumber,
449,2024-02-19 07:58:52.100698,2024-02-19 07:58:52.710060,eth_getBlockByNumber,
450,2024-02-19 07:58:52.114301,2024-02-19 07:58:53.238869,eth_getBlockByNumber,
451,2024-02-19 07:58:52.132746,2024-02-19 07:58:53.627244,eth_getBlockByNumber,
452,2024-02-19 07:58:52.137996,2024-02-19 07:58:52.974383,eth_getBlockByNumber,
453,2024-02-19 07:58:52.147299,2024-02-19 07:58:53.138726,eth_getBlockByNumber,
454,2024-02-19 07:58:52.150586,2024-02-19 07:58:52.956696,eth_getBlockByNumber,
455,2024-02-19 07:58:52.181881,2024-02-19 07:58:53.280993,eth_getBlockByNumber,
456,2024-02-19 07:58:52.213378,2024-02-19 07:58:53.248153,eth_getBlockByNumber,
457,2024-02-19 07:58:52.242008,2024-02-19 07:58:53.086773,eth_getBlockByNumber,
458,2024-02-19 07:58:52.252372,2024-02-19 07:58:53.256784,eth_getBlockByNumber,
459,2024-02-19 07:58:52.266091,2024-02-19 07:58:53.419041,eth_getBlockByNumber,
460,2024-02-19 07:58:52.286497,2024-02-19 07:58:53.409474,eth_getBlockByNumber,
461,2024-02-19 07:58:52.294055,2024-02-19 07:58:53.043318,eth_getBlockByNumber,
462,2024-02-19 07:58:52.305259,2024-02-19 07:58:53.840010,eth_getBlockByNumber,
463,2024-02-19 07:58:52.316949,2024-02-19 07:58:53.123812,eth_getBlockByNumber,
464,2024-02-19 07:58:52.320482,2024-02-19 07:58:53.128632,eth_getBlockByNumber,
465,2024-02-19 07:58:52.331546,2024-02-19 07:58:53.269141,eth_getBlockByNumber,
466,2024-02-19 07:58:52.332326,2024-02-19 07:58:53.573731,eth_getBlockByNumber,
467,2024-02-19 07:58:52.336007,2024-02-19 07:58:53.489769,eth_getBlockByNumber,
468,2024-02-19 07:58:52.338701,2024-02-19 07:58:53.758777,eth_getBlockByNumber,
469,2024-02-19 07:58:52.349236,2024-02-19 07:58:53.025412,eth_getBlockByNumber,
470,2024-02-19 07:58:52.353349,2024-02-19 07:58:53.054885,eth_getBlockByNumber,
471,2024-02-19 07:58:52.365573,2024-02-19 07:58:53.478104,eth_getBlockByNumber,
472,2024-02-19 07:58:52.376382,2024-02-19 07:58:53.484396,eth_getBlockByNumber,
473,2024-02-19 07:58:52.387401,2024-02-19 07:58:53.286627,eth_getBlockByNumber,
474,2024-02-19 07:58:52.393742,2024-02-19 07:58:53.153961,eth_getBlockByNumber,
475,2024-02-19 07:58:52.398869,2024-02-19 07:58:53.059331,eth_getBlockByNumber,
476,2024-02-19 07:58:52.402369,2024-02-19 07:58:53.908357,eth_getBlockByNumber,
477,2024-02-19 07:58:52.420146,2024-02-19 07:58:53.897720,eth_getBlockByNumber,
478,2024-02-19 07:58:52.438875,2024-02-19 07:58:55.686988,eth_getBlockByNumber,
479,2024-02-19 07:58:52.443762,2024-02-19 07:58:53.229551,eth_getBlockByNumber,
480,2024-02-19 07:58:52.447098,2024-02-19 07:58:53.205592,eth_getBlockByNumber,
481,2024-02-19 07:58:52.461768,2024-02-19 07:58:53.354772,eth_getBlockByNumber,
482,2024-02-19 07:58:52.475204,2024-02-19 07:58:53.782405,eth_getBlockByNumber,
483,2024-02-19 07:58:52.482381,2024-02-19 07:58:53.604151,eth_getBlockByNumber,
484,2024-02-19 07:58:52.487315,2024-02-19 07:58:53.309265,eth_getBlockByNumber,
485,2024-02-19 07:58:52.517845,2024-02-19 07:58:53.342180,eth_getBlockByNumber,
486,2024-02-19 07:58:52.529311,2024-02-19 07:58:53.724554,eth_getBlockByNumber,
487,2024-02-19 07:58:52.544275,2024-02-19 07:58:53.448149,eth_getBlockByNumber,
488,2024-02-19 07:58:52.557629,2024-02-19 07:58:54.352187,eth_getBlockByNumber,
489,2024-02-19 07:58:52.564378,2024-02-19 07:58:53.395556,eth_getBlockByNumber,
490,2024-02-19 07:58:52.569593,2024-02-19 07:58:53.660525,eth_getBlockByNumber,
491,2024-02-19 07:58:52.591395,2024-02-19 07:58:53.801574,eth_getBlockByNumber,
492,2024-02-19 07:58:52.603680,2024-02-19 07:58:53.297799,eth_getBlockByNumber,
493,2024-02-19 07:58:52.609194,2024-02-19 07:58:54.113161,eth_getBlockByNumber,
494,2024-02-19 07:58:52.632240,2024-02-19 07:58:53.359470,eth_getBlockByNumber,
495,2024-02-19 07:58:52.637235,2024-02-19 07:58:53.516099,eth_getBlockByNumber,
496,2024-02-19 07:58:52.652563,2024-02-19 07:58:53.686175,eth_getBlockByNumber,
497,2024-02-19 07:58:52.665175,2024-02-19 07:58:53.326773,eth_getBlockByNumber,
498,2024-02-19 07:58:52.678632,2024-02-19 07:58:53.422826,eth_getBlockByNumber,
499,2024-02-19 07:58:52.683456,2024-02-19 07:58:54.020355,eth_getBlockByNumber,
500,2024-02-19 07:58:52.686196,2024-02-19 07:58:53.387777,eth_getBlockByNumber,
501,2024-02-19 07:58:52.697998,2024-02-19 07:58:53.695690,eth_getBlockByNumber,
502,2024-02-19 07:58:52.703250,2024-02-19 07:58:53.401987,eth_getBlockByNumber,
503,2024-02-19 07:58:52.710521,2024-02-19 07:58:53.819965,eth_getBlockByNumber,
504,2024-02-19 07:58:52.719119,2024-02-19 07:58:53.576524,eth_getBlockByNumber,
505,2024-02-19 07:58:52.721854,2024-02-19 07:58:53.346743,eth_getBlockByNumber,
506,2024-02-19 07:58:52.736697,2024-02-19 07:58:54.906901,eth_getBlockByNumber,
507,2024-02-19 07:58:52.743764,2024-02-19 07:58:53.366889,eth_getBlockByNumber,
508,2024-02-19 07:58:52.747924,2024-02-19 07:58:53.982411,eth_getBlockByNumber,
509,2024-02-19 07:58:52.773879,2024-02-19 07:58:53.301894,eth_getBlockByNumber,
510,2024-02-19 07:58:52.774991,2024-02-19 07:58:53.740771,eth_getBlockByNumber,
511,2024-02-19 07:58:52.783356,2024-02-19 07:58:56.102644,eth_getBlockByNumber,
512,2024-02-19 07:58:52.797706,2024-02-19 07:58:53.505110,eth_getBlockByNumber,
513,2024-02-19 07:58:52.813954,2024-02-19 07:58:54.528777,eth_getBlockByNumber,
514,2024-02-19 07:58:52.833211,2024-02-19 07:58:53.657872,eth_getBlockByNumber,
515,2024-02-19 07:58:52.855426,2024-02-19 07:58:53.588870,eth_getBlockByNumber,
516,2024-02-19 07:58:52.876513,2024-02-19 07:58:53.830401,eth_getBlockByNumber,
517,2024-02-19 07:58:52.881338,2024-02-19 07:58:53.579345,eth_getBlockByNumber,
518,2024-02-19 07:58:52.888595,2024-02-19 07:58:54.164657,eth_getBlockByNumber,
519,2024-02-19 07:58:52.901946,2024-02-19 07:58:53.633155,eth_getBlockByNumber,
520,2024-02-19 07:58:52.922312,2024-02-19 07:58:53.721473,eth_getBlockByNumber,
521,2024-02-19 07:58:52.930996,2024-02-19 07:58:54.100964,eth_getBlockByNumber,
522,2024-02-19 07:58:52.936225,2024-02-19 07:58:53.703461,eth_getBlockByNumber,
523,2024-02-19 07:58:52.949298,2024-02-19 07:58:54.416337,eth_getBlockByNumber,
524,2024-02-19 07:58:52.950272,2024-02-19 07:58:53.641576,eth_getBlockByNumber,
525,2024-02-19 07:58:52.957868,2024-02-19 07:58:54.197236,eth_getBlockByNumber,
526,2024-02-19 07:58:52.976035,2024-02-19 07:58:54.076824,eth_getBlockByNumber,
527,2024-02-19 07:58:52.979554,2024-02-19 07:58:53.753190,eth_getBlockByNumber,
528,2024-02-19 07:58:52.985770,2024-02-19 07:58:54.618123,eth_getBlockByNumber,
529,2024-02-19 07:58:52.999651,2024-02-19 07:58:53.731849,eth_getBlockByNumber,
530,2024-02-19 07:58:53.012829,2024-02-19 07:58:54.188200,eth_getBlockByNumber,
531,2024-02-19 07:58:53.026360,2024-02-19 07:58:53.912861,eth_getBlockByNumber,
532,2024-02-19 07:58:53.044614,2024-02-19 07:58:53.834555,eth_getBlockByNumber,
533,2024-02-19 07:58:53.055837,2024-02-19 07:58:53.809661,eth_getBlockByNumber,
534,2024-02-19 07:58:53.060426,2024-02-19 07:58:53.880102,eth_getBlockByNumber,
535,2024-02-19 07:58:53.079955,2024-02-19 07:58:53.969816,eth_getBlockByNumber,
536,2024-02-19 07:58:53.087966,2024-02-19 07:58:54.439730,eth_getBlockByNumber,
537,2024-02-19 07:58:53.103353,2024-02-19 07:58:53.956009,eth_getBlockByNumber,
538,2024-02-19 07:58:53.113953,2024-02-19 07:58:54.435397,eth_getBlockByNumber,
539,2024-02-19 07:58:53.125074,2024-02-19 07:58:54.403580,eth_getBlockByNumber,
540,2024-02-19 07:58:53.130176,2024-02-19 07:58:54.081890,eth_getBlockByNumber,
541,2024-02-19 07:58:53.141001,2024-02-19 07:58:54.703169,eth_getBlockByNumber,
542,2024-02-19 07:58:53.154970,2024-02-19 07:58:55.861701,eth_getBlockByNumber,
543,2024-02-19 07:58:53.166977,2024-02-19 07:58:54.486623,eth_getBlockByNumber,
544,2024-02-19 07:58:53.186882,2024-02-19 07:58:53.943633,eth_getBlockByNumber,
545,2024-02-19 07:58:53.199623,2024-02-19 07:58:53.925547,eth_getBlockByNumber,
546,2024-02-19 07:58:53.206959,2024-02-19 07:58:54.542992,eth_getBlockByNumber,
547,2024-02-19 07:58:53.231341,2024-02-19 07:58:53.958858,eth_getBlockByNumber,
548,2024-02-19 07:58:53.242158,2024-02-19 07:58:54.133869,eth_getBlockByNumber,
549,2024-02-19 07:58:53.249297,2024-02-19 07:58:54.395138,eth_getBlockByNumber,
550,2024-02-19 07:58:53.258392,2024-02-19 07:58:54.525681,eth_getBlockByNumber,
551,2024-02-19 07:58:53.271008,2024-02-19 07:58:54.805657,eth_getBlockByNumber,
552,2024-02-19 07:58:53.278304,2024-02-19 07:58:54.061833,eth_getBlockByNumber,
553,2024-02-19 07:58:53.282928,2024-02-19 07:58:54.001186,eth_getBlockByNumber,
554,2024-02-19 07:58:53.288388,2024-02-19 07:58:54.095606,eth_getBlockByNumber,
555,2024-02-19 07:58:53.299471,2024-02-19 07:58:54.042737,eth_getBlockByNumber,
556,2024-02-19 07:58:53.302257,2024-02-19 07:58:54.828873,eth_getBlockByNumber,
557,2024-02-19 07:58:53.310823,2024-02-19 07:58:53.963335,eth_getBlockByNumber,
558,2024-02-19 07:58:53.327812,2024-02-19 07:58:54.375563,eth_getBlockByNumber,
559,2024-02-19 07:58:53.337106,2024-02-19 07:58:54.797841,eth_getBlockByNumber,
560,2024-02-19 07:58:53.343740,2024-02-19 07:58:54.056060,eth_getBlockByNumber,
561,2024-02-19 07:58:53.347628,2024-02-19 07:58:54.844479,eth_getBlockByNumber,
562,2024-02-19 07:58:53.356135,2024-02-19 07:58:54.106657,eth_getBlockByNumber,
563,2024-02-19 07:58:53.360929,2024-02-19 07:58:54.212494,eth_getBlockByNumber,
564,2024-02-19 07:58:53.368215,2024-02-19 07:58:54.074683,eth_getBlockByNumber,
565,2024-02-19 07:58:53.372270,2024-02-19 07:58:54.153111,eth_getBlockByNumber,
566,2024-02-19 07:58:53.389213,2024-02-19 07:58:54.516291,eth_getBlockByNumber,
567,2024-02-19 07:58:53.396981,2024-02-19 07:58:54.108692,eth_getBlockByNumber,
568,2024-02-19 07:58:53.403397,2024-02-19 07:58:54.666561,eth_getBlockByNumber,
569,2024-02-19 07:58:53.411285,2024-02-19 07:58:54.125825,eth_getBlockByNumber,
570,2024-02-19 07:58:53.421309,2024-02-19 07:58:54.498993,eth_getBlockByNumber,
571,2024-02-19 07:58:53.424250,2024-02-19 07:58:54.137949,eth_getBlockByNumber,
572,2024-02-19 07:58:53.431795,2024-02-19 07:58:54.266709,eth_getBlockByNumber,
573,2024-02-19 07:58:53.449751,2024-02-19 07:58:57.064249,eth_getBlockByNumber,
574,2024-02-19 07:58:53.468406,2024-02-19 07:58:55.555466,eth_getBlockByNumber,
575,2024-02-19 07:58:53.480343,2024-02-19 07:58:54.339615,eth_getBlockByNumber,
576,2024-02-19 07:58:53.485712,2024-02-19 07:58:54.225292,eth_getBlockByNumber,
577,2024-02-19 07:58:53.492027,2024-02-19 07:58:54.761318,eth_getBlockByNumber,
578,2024-02-19 07:58:53.506682,2024-02-19 07:58:54.276097,eth_getBlockByNumber,
579,2024-02-19 07:58:53.517880,2024-02-19 07:58:54.288757,eth_getBlockByNumber,
580,2024-02-19 07:58:53.575135,2024-02-19 07:58:54.426688,eth_getBlockByNumber,
581,2024-02-19 07:58:53.578188,2024-02-19 07:58:55.085272,eth_getBlockByNumber,
582,2024-02-19 07:58:53.580595,2024-02-19 07:58:54.430368,eth_getBlockByNumber,
583,2024-02-19 07:58:53.590329,2024-02-19 07:58:54.271165,eth_getBlockByNumber,
584,2024-02-19 07:58:53.608232,2024-02-19 07:58:54.344915,eth_getBlockByNumber,
585,2024-02-19 07:58:53.629292,2024-02-19 07:58:54.608224,eth_getBlockByNumber,
586,2024-02-19 07:58:53.634440,2024-02-19 07:58:54.753820,eth_getBlockByNumber,
587,2024-02-19 07:58:53.643248,2024-02-19 07:58:54.766950,eth_getBlockByNumber,
588,2024-02-19 07:58:53.659698,2024-02-19 07:58:54.371286,eth_getBlockByNumber,
589,2024-02-19 07:58:53.665105,2024-02-19 07:58:54.603491,eth_getBlockByNumber,
590,2024-02-19 07:58:53.666424,2024-02-19 07:58:54.408965,eth_getBlockByNumber,
591,2024-02-19 07:58:53.682426,2024-02-19 07:58:55.253746,eth_getBlockByNumber,
592,2024-02-19 07:58:53.687878,2024-02-19 07:58:54.358818,eth_getBlockByNumber,
593,2024-02-19 07:58:53.697344,2024-02-19 07:58:55.299615,eth_getBlockByNumber,
594,2024-02-19 07:58:53.704734,2024-02-19 07:58:54.378780,eth_getBlockByNumber,
595,2024-02-19 07:58:53.723409,2024-02-19 07:58:54.520889,eth_getBlockByNumber,
596,2024-02-19 07:58:53.726145,2024-02-19 07:58:55.131512,eth_getBlockByNumber,
597,2024-02-19 07:58:53.733279,2024-02-19 07:58:54.479323,eth_getBlockByNumber,
598,2024-02-19 07:58:53.739370,2024-02-19 07:58:54.456021,eth_getBlockByNumber,
599,2024-02-19 07:58:53.746651,2024-02-19 07:58:54.574264,eth_getBlockByNumber,
600,2024-02-19 07:58:53.754550,2024-02-19 07:58:54.422104,eth_getBlockByNumber,
601,2024-02-19 07:58:53.760958,2024-02-19 07:58:54.507920,eth_getBlockByNumber,
602,2024-02-19 07:58:53.772773,2024-02-19 07:58:55.497429,eth_getBlockByNumber,
603,2024-02-19 07:58:53.784063,2024-02-19 07:58:54.538745,eth_getBlockByNumber,
604,2024-02-19 07:58:53.799188,2024-02-19 07:58:54.653951,eth_getBlockByNumber,
605,2024-02-19 07:58:53.803513,2024-02-19 07:58:56.917471,eth_getBlockByNumber,
606,2024-02-19 07:58:53.810979,2024-02-19 07:58:55.394084,eth_getBlockByNumber,
607,2024-02-19 07:58:53.823091,2024-02-19 07:58:54.577088,eth_getBlockByNumber,
608,2024-02-19 07:58:53.831582,2024-02-19 07:58:54.496494,eth_getBlockByNumber,
609,2024-02-19 07:58:53.836355,2024-02-19 07:58:54.554881,eth_getBlockByNumber,
610,2024-02-19 07:58:53.841650,2024-02-19 07:58:55.003000,eth_getBlockByNumber,
611,2024-02-19 07:58:53.877211,2024-02-19 07:58:54.600524,eth_getBlockByNumber,
612,2024-02-19 07:58:53.881405,2024-02-19 07:58:55.068751,eth_getBlockByNumber,
613,2024-02-19 07:58:53.899479,2024-02-19 07:58:54.715842,eth_getBlockByNumber,
614,2024-02-19 07:58:53.912111,2024-02-19 07:58:54.564574,eth_getBlockByNumber,
615,2024-02-19 07:58:53.914351,2024-02-19 07:58:55.235266,eth_getBlockByNumber,
616,2024-02-19 07:58:53.926527,2024-02-19 07:58:54.582887,eth_getBlockByNumber,
617,2024-02-19 07:58:53.944697,2024-02-19 07:58:54.973533,eth_getBlockByNumber,
618,2024-02-19 07:58:53.957658,2024-02-19 07:58:54.679108,eth_getBlockByNumber,
619,2024-02-19 07:58:53.960118,2024-02-19 07:58:54.709579,eth_getBlockByNumber,
620,2024-02-19 07:58:53.963984,2024-02-19 07:58:54.936543,eth_getBlockByNumber,
621,2024-02-19 07:58:53.971425,2024-02-19 07:58:54.631379,eth_getBlockByNumber,
622,2024-02-19 07:58:53.984329,2024-02-19 07:58:54.983012,eth_getBlockByNumber,
623,2024-02-19 07:58:54.002345,2024-02-19 07:58:55.624091,eth_getBlockByNumber,
624,2024-02-19 07:58:54.022687,2024-02-19 07:58:55.191585,eth_getBlockByNumber,
625,2024-02-19 07:58:54.043993,2024-02-19 07:58:54.795197,eth_getBlockByNumber,
626,2024-02-19 07:58:54.057328,2024-02-19 07:58:54.999150,eth_getBlockByNumber,
627,2024-02-19 07:58:54.063130,2024-02-19 07:58:54.784230,eth_getBlockByNumber,
628,2024-02-19 07:58:54.075708,2024-02-19 07:58:54.834173,eth_getBlockByNumber,
629,2024-02-19 07:58:54.078418,2024-02-19 07:58:54.803033,eth_getBlockByNumber,
630,2024-02-19 07:58:54.082944,2024-02-19 07:58:54.770368,eth_getBlockByNumber,
631,2024-02-19 07:58:54.097598,2024-02-19 07:58:55.173161,eth_getBlockByNumber,
632,2024-02-19 07:58:54.102983,2024-02-19 07:58:55.401991,eth_getBlockByNumber,
633,2024-02-19 07:58:54.107665,2024-02-19 07:58:55.179033,eth_getBlockByNumber,
634,2024-02-19 07:58:54.109792,2024-02-19 07:58:54.888912,eth_getBlockByNumber,
635,2024-02-19 07:58:54.116486,2024-02-19 07:58:54.791640,eth_getBlockByNumber,
636,2024-02-19 07:58:54.127102,2024-02-19 07:58:55.195514,eth_getBlockByNumber,
637,2024-02-19 07:58:54.135973,2024-02-19 07:58:56.760151,eth_getBlockByNumber,
638,2024-02-19 07:58:54.139129,2024-02-19 07:58:56.191764,eth_getBlockByNumber,
639,2024-02-19 07:58:54.154805,2024-02-19 07:58:54.866597,eth_getBlockByNumber,
640,2024-02-19 07:58:54.166621,2024-02-19 07:58:54.818343,eth_getBlockByNumber,
641,2024-02-19 07:58:54.178394,2024-02-19 07:58:55.332379,eth_getBlockByNumber,
642,2024-02-19 07:58:54.189840,2024-02-19 07:58:54.768765,eth_getBlockByNumber,
643,2024-02-19 07:58:54.199174,2024-02-19 07:58:56.290164,eth_getBlockByNumber,
644,2024-02-19 07:58:54.215669,2024-02-19 07:58:55.143994,eth_getBlockByNumber,
645,2024-02-19 07:58:54.226665,2024-02-19 07:58:54.933912,eth_getBlockByNumber,
646,2024-02-19 07:58:54.237893,2024-02-19 07:58:55.227634,eth_getBlockByNumber,
647,2024-02-19 07:58:54.268672,2024-02-19 07:58:55.436375,eth_getBlockByNumber,
648,2024-02-19 07:58:54.272130,2024-02-19 07:58:54.884355,eth_getBlockByNumber,
649,2024-02-19 07:58:54.277254,2024-02-19 07:58:55.566353,eth_getBlockByNumber,
650,2024-02-19 07:58:54.289956,2024-02-19 07:58:54.994298,eth_getBlockByNumber,
651,2024-02-19 07:58:54.341695,2024-02-19 07:58:55.286914,eth_getBlockByNumber,
652,2024-02-19 07:58:54.345821,2024-02-19 07:58:55.119687,eth_getBlockByNumber,
653,2024-02-19 07:58:54.354736,2024-02-19 07:58:55.757984,eth_getBlockByNumber,
654,2024-02-19 07:58:54.360253,2024-02-19 07:58:55.098316,eth_getBlockByNumber,
655,2024-02-19 07:58:54.372504,2024-02-19 07:58:55.277522,eth_getBlockByNumber,
656,2024-02-19 07:58:54.377745,2024-02-19 07:58:55.699373,eth_getBlockByNumber,
657,2024-02-19 07:58:54.379790,2024-02-19 07:58:55.080009,eth_getBlockByNumber,
658,2024-02-19 07:58:54.397110,2024-02-19 07:58:55.011640,eth_getBlockByNumber,
659,2024-02-19 07:58:54.404996,2024-02-19 07:58:55.018073,eth_getBlockByNumber,
660,2024-02-19 07:58:54.410687,2024-02-19 07:58:55.046787,eth_getBlockByNumber,
661,2024-02-19 07:58:54.418032,2024-02-19 07:58:54.927882,eth_getBlockByNumber,
662,2024-02-19 07:58:54.423260,2024-02-19 07:58:55.815474,eth_getBlockByNumber,
663,2024-02-19 07:58:54.428377,2024-02-19 07:58:55.261923,eth_getBlockByNumber,
664,2024-02-19 07:58:54.431799,2024-02-19 07:58:55.165492,eth_getBlockByNumber,
665,2024-02-19 07:58:54.438710,2024-02-19 07:58:55.729194,eth_getBlockByNumber,
666,2024-02-19 07:58:54.441375,2024-02-19 07:58:55.101627,eth_getBlockByNumber,
667,2024-02-19 07:58:54.457376,2024-02-19 07:58:55.902190,eth_getBlockByNumber,
668,2024-02-19 07:58:54.481063,2024-02-19 07:58:56.607693,eth_getBlockByNumber,
669,2024-02-19 07:58:54.488673,2024-02-19 07:58:57.614050,eth_getBlockByNumber,
670,2024-02-19 07:58:54.497633,2024-02-19 07:58:55.160622,eth_getBlockByNumber,
671,2024-02-19 07:58:54.502714,2024-02-19 07:58:55.424832,eth_getBlockByNumber,
672,2024-02-19 07:58:54.507025,2024-02-19 07:58:55.653704,eth_getBlockByNumber,
673,2024-02-19 07:58:54.509218,2024-02-19 07:58:55.128994,eth_getBlockByNumber,
674,2024-02-19 07:58:54.517498,2024-02-19 07:58:55.397453,eth_getBlockByNumber,
675,2024-02-19 07:58:54.522124,2024-02-19 07:58:55.141041,eth_getBlockByNumber,
676,2024-02-19 07:58:54.527580,2024-02-19 07:58:55.242795,eth_getBlockByNumber,
677,2024-02-19 07:58:54.531696,2024-02-19 07:58:55.630325,eth_getBlockByNumber,
678,2024-02-19 07:58:54.539998,2024-02-19 07:58:55.340918,eth_getBlockByNumber,
679,2024-02-19 07:58:54.544903,2024-02-19 07:58:55.377506,eth_getBlockByNumber,
680,2024-02-19 07:58:54.556364,2024-02-19 07:58:55.831265,eth_getBlockByNumber,
681,2024-02-19 07:58:54.565569,2024-02-19 07:58:55.740414,eth_getBlockByNumber,
682,2024-02-19 07:58:54.575679,2024-02-19 07:58:56.020509,eth_getBlockByNumber,
683,2024-02-19 07:58:54.578242,2024-02-19 07:58:55.578937,eth_getBlockByNumber,
684,2024-02-19 07:58:54.584049,2024-02-19 07:58:55.351914,eth_getBlockByNumber,
685,2024-02-19 07:58:54.602058,2024-02-19 07:58:55.805698,eth_getBlockByNumber,
686,2024-02-19 07:58:54.605085,2024-02-19 07:58:55.637420,eth_getBlockByNumber,
687,2024-02-19 07:58:54.612114,2024-02-19 07:58:55.415259,eth_getBlockByNumber,
688,2024-02-19 07:58:54.620278,2024-02-19 07:58:55.348179,eth_getBlockByNumber,
689,2024-02-19 07:58:54.632367,2024-02-19 07:58:55.471018,eth_getBlockByNumber,
690,2024-02-19 07:58:54.655389,2024-02-19 07:58:55.390592,eth_getBlockByNumber,
691,2024-02-19 07:58:54.668384,2024-02-19 07:58:55.409120,eth_getBlockByNumber,
692,2024-02-19 07:58:54.680360,2024-02-19 07:58:56.281944,eth_getBlockByNumber,
693,2024-02-19 07:58:54.705211,2024-02-19 07:58:55.420928,eth_getBlockByNumber,
694,2024-02-19 07:58:54.711135,2024-02-19 07:58:55.854622,eth_getBlockByNumber,
695,2024-02-19 07:58:54.717219,2024-02-19 07:58:55.619843,eth_getBlockByNumber,
696,2024-02-19 07:58:54.755311,2024-02-19 07:58:55.446893,eth_getBlockByNumber,
697,2024-02-19 07:58:54.763995,2024-02-19 07:58:55.350455,eth_getBlockByNumber,
698,2024-02-19 07:58:54.769052,2024-02-19 07:58:56.521265,eth_getBlockByNumber,
699,2024-02-19 07:58:54.769734,2024-02-19 07:58:55.946642,eth_getBlockByNumber,
700,2024-02-19 07:58:54.771349,2024-02-19 07:58:58.431271,eth_getBlockByNumber,
701,2024-02-19 07:58:54.785682,2024-02-19 07:58:55.476513,eth_getBlockByNumber,
702,2024-02-19 07:58:54.792657,2024-02-19 07:58:55.980107,eth_getBlockByNumber,
703,2024-02-19 07:58:54.796906,2024-02-19 07:58:55.449488,eth_getBlockByNumber,
704,2024-02-19 07:58:54.799855,2024-02-19 07:58:55.453419,eth_getBlockByNumber,
705,2024-02-19 07:58:54.804213,2024-02-19 07:58:55.674618,eth_getBlockByNumber,
706,2024-02-19 07:58:54.807868,2024-02-19 07:58:56.394446,eth_getBlockByNumber,
707,2024-02-19 07:58:54.819682,2024-02-19 07:58:55.469134,eth_getBlockByNumber,
708,2024-02-19 07:58:54.830642,2024-02-19 07:58:55.483376,eth_getBlockByNumber,
709,2024-02-19 07:58:54.835578,2024-02-19 07:58:55.977774,eth_getBlockByNumber,
710,2024-02-19 07:58:54.847733,2024-02-19 07:58:55.614390,eth_getBlockByNumber,
711,2024-02-19 07:58:54.867880,2024-02-19 07:58:55.520727,eth_getBlockByNumber,
712,2024-02-19 07:58:54.885067,2024-02-19 07:58:55.513192,eth_getBlockByNumber,
713,2024-02-19 07:58:54.890242,2024-02-19 07:58:55.542860,eth_getBlockByNumber,
714,2024-02-19 07:58:54.910278,2024-02-19 07:58:56.592951,eth_getBlockByNumber,
715,2024-02-19 07:58:54.928395,2024-02-19 07:58:55.647392,eth_getBlockByNumber,
716,2024-02-19 07:58:54.935164,2024-02-19 07:58:56.530420,eth_getBlockByNumber,
717,2024-02-19 07:58:54.938137,2024-02-19 07:58:55.766137,eth_getBlockByNumber,
718,2024-02-19 07:58:54.978968,2024-02-19 07:58:55.705421,eth_getBlockByNumber,
719,2024-02-19 07:58:54.984953,2024-02-19 07:58:56.122116,eth_getBlockByNumber,
720,2024-02-19 07:58:54.995196,2024-02-19 07:58:55.921276,eth_getBlockByNumber,
721,2024-02-19 07:58:55.000338,2024-02-19 07:58:55.888983,eth_getBlockByNumber,
722,2024-02-19 07:58:55.004428,2024-02-19 07:58:55.693661,eth_getBlockByNumber,
723,2024-02-19 07:58:55.012664,2024-02-19 07:58:55.801351,eth_getBlockByNumber,
724,2024-02-19 07:58:55.018943,2024-02-19 07:58:55.710667,eth_getBlockByNumber,
725,2024-02-19 07:58:55.048061,2024-02-19 07:58:55.715486,eth_getBlockByNumber,
726,2024-02-19 07:58:55.072594,2024-02-19 07:58:56.859049,eth_getBlockByNumber,
727,2024-02-19 07:58:55.081463,2024-02-19 07:58:55.751153,eth_getBlockByNumber,
728,2024-02-19 07:58:55.087298,2024-02-19 07:58:56.027182,eth_getBlockByNumber,
729,2024-02-19 07:58:55.099792,2024-02-19 07:58:55.931194,eth_getBlockByNumber,
730,2024-02-19 07:58:55.103166,2024-02-19 07:58:56.261795,eth_getBlockByNumber,
731,2024-02-19 07:58:55.121065,2024-02-19 07:58:57.634055,eth_getBlockByNumber,
732,2024-02-19 07:58:55.129995,2024-02-19 07:58:56.896815,eth_getBlockByNumber,
733,2024-02-19 07:58:55.133679,2024-02-19 07:58:56.420876,eth_getBlockByNumber,
734,2024-02-19 07:58:55.141906,2024-02-19 07:58:55.907096,eth_getBlockByNumber,
735,2024-02-19 07:58:55.147332,2024-02-19 07:58:56.433671,eth_getBlockByNumber,
736,2024-02-19 07:58:55.161946,2024-02-19 07:58:56.297021,eth_getBlockByNumber,
737,2024-02-19 07:58:55.167002,2024-02-19 07:58:55.865091,eth_getBlockByNumber,
738,2024-02-19 07:58:55.174860,2024-02-19 07:58:56.007922,eth_getBlockByNumber,
739,2024-02-19 07:58:55.181363,2024-02-19 07:58:56.865395,eth_getBlockByNumber,
740,2024-02-19 07:58:55.193406,2024-02-19 07:58:55.987188,eth_getBlockByNumber,
741,2024-02-19 07:58:55.197056,2024-02-19 07:58:55.992130,eth_getBlockByNumber,
742,2024-02-19 07:58:55.228843,2024-02-19 07:58:56.417818,eth_getBlockByNumber,
743,2024-02-19 07:58:55.239291,2024-02-19 07:58:55.968897,eth_getBlockByNumber,
744,2024-02-19 07:58:55.244302,2024-02-19 07:58:55.974615,eth_getBlockByNumber,
745,2024-02-19 07:58:55.256121,2024-02-19 07:58:56.663789,eth_getBlockByNumber,
746,2024-02-19 07:58:55.264069,2024-02-19 07:58:55.997552,eth_getBlockByNumber,
747,2024-02-19 07:58:55.279648,2024-02-19 07:58:57.076661,eth_getBlockByNumber,
748,2024-02-19 07:58:55.288660,2024-02-19 07:58:56.154285,eth_getBlockByNumber,
749,2024-02-19 07:58:55.301631,2024-02-19 07:58:55.963259,eth_getBlockByNumber,
750,2024-02-19 07:58:55.333726,2024-02-19 07:58:56.119370,eth_getBlockByNumber,
751,2024-02-19 07:58:55.342615,2024-02-19 07:58:56.058846,eth_getBlockByNumber,
752,2024-02-19 07:58:55.349551,2024-02-19 07:58:56.034581,eth_getBlockByNumber,
753,2024-02-19 07:58:55.350958,2024-02-19 07:58:56.797901,eth_getBlockByNumber,
754,2024-02-19 07:58:55.353231,2024-02-19 07:58:56.455440,eth_getBlockByNumber,
755,2024-02-19 07:58:55.379029,2024-02-19 07:58:56.159280,eth_getBlockByNumber,
756,2024-02-19 07:58:55.391917,2024-02-19 07:58:56.076557,eth_getBlockByNumber,
757,2024-02-19 07:58:55.396294,2024-02-19 07:58:56.111234,eth_getBlockByNumber,
758,2024-02-19 07:58:55.399320,2024-02-19 07:58:56.048577,eth_getBlockByNumber,
759,2024-02-19 07:58:55.404073,2024-02-19 07:58:57.874375,eth_getBlockByNumber,
760,2024-02-19 07:58:55.410870,2024-02-19 07:58:56.274749,eth_getBlockByNumber,
761,2024-02-19 07:58:55.416442,2024-02-19 07:58:56.444830,eth_getBlockByNumber,
762,2024-02-19 07:58:55.422384,2024-02-19 07:58:55.952927,eth_getBlockByNumber,
763,2024-02-19 07:58:55.426893,2024-02-19 07:58:56.804384,eth_getBlockByNumber,
764,2024-02-19 07:58:55.438172,2024-02-19 07:58:58.577178,eth_getBlockByNumber,
765,2024-02-19 07:58:55.447953,2024-02-19 07:58:56.216541,eth_getBlockByNumber,
766,2024-02-19 07:58:55.450759,2024-02-19 07:58:56.517846,eth_getBlockByNumber,
767,2024-02-19 07:58:55.454454,2024-02-19 07:58:56.628021,eth_getBlockByNumber,
768,2024-02-19 07:58:55.470149,2024-02-19 07:58:56.079877,eth_getBlockByNumber,
769,2024-02-19 07:58:55.472230,2024-02-19 07:58:56.208052,eth_getBlockByNumber,
770,2024-02-19 07:58:55.477759,2024-02-19 07:58:56.506800,eth_getBlockByNumber,
771,2024-02-19 07:58:55.484588,2024-02-19 07:58:57.446175,eth_getBlockByNumber,
772,2024-02-19 07:58:55.501437,2024-02-19 07:58:56.957617,eth_getBlockByNumber,
773,2024-02-19 07:58:55.513918,2024-02-19 07:58:56.472957,eth_getBlockByNumber,
774,2024-02-19 07:58:55.521623,2024-02-19 07:58:56.250602,eth_getBlockByNumber,
775,2024-02-19 07:58:55.544054,2024-02-19 07:58:56.828028,eth_getBlockByNumber,
776,2024-02-19 07:58:55.558580,2024-02-19 07:58:56.490995,eth_getBlockByNumber,
777,2024-02-19 07:58:55.568651,2024-02-19 07:58:56.236800,eth_getBlockByNumber,
778,2024-02-19 07:58:55.580255,2024-02-19 07:58:56.480021,eth_getBlockByNumber,
779,2024-02-19 07:58:55.617091,2024-02-19 07:58:56.641221,eth_getBlockByNumber,
780,2024-02-19 07:58:55.621094,2024-02-19 07:58:56.847570,eth_getBlockByNumber,
781,2024-02-19 07:58:55.626394,2024-02-19 07:58:56.648242,eth_getBlockByNumber,
782,2024-02-19 07:58:55.632252,2024-02-19 07:58:56.336126,eth_getBlockByNumber,
783,2024-02-19 07:58:55.638889,2024-02-19 07:58:56.392329,eth_getBlockByNumber,
784,2024-02-19 07:58:55.648827,2024-02-19 07:58:56.726611,eth_getBlockByNumber,
785,2024-02-19 07:58:55.655326,2024-02-19 07:58:56.810346,eth_getBlockByNumber,
786,2024-02-19 07:58:55.676773,2024-02-19 07:58:56.253534,eth_getBlockByNumber,
787,2024-02-19 07:58:55.691206,2024-02-19 07:58:57.528505,eth_getBlockByNumber,
788,2024-02-19 07:58:55.694762,2024-02-19 07:58:56.603875,eth_getBlockByNumber,
789,2024-02-19 07:58:55.701147,2024-02-19 07:58:56.334014,eth_getBlockByNumber,
790,2024-02-19 07:58:55.706913,2024-02-19 07:58:56.511531,eth_getBlockByNumber,
791,2024-02-19 07:58:55.712127,2024-02-19 07:58:56.787703,eth_getBlockByNumber,
792,2024-02-19 07:58:55.716388,2024-02-19 07:58:56.407082,eth_getBlockByNumber,
793,2024-02-19 07:58:55.732839,2024-02-19 07:58:57.190835,eth_getBlockByNumber,
794,2024-02-19 07:58:55.742792,2024-02-19 07:58:56.934318,eth_getBlockByNumber,
795,2024-02-19 07:58:55.752262,2024-02-19 07:58:58.529806,eth_getBlockByNumber,
796,2024-02-19 07:58:55.760508,2024-02-19 07:58:56.732407,eth_getBlockByNumber,
797,2024-02-19 07:58:55.768135,2024-02-19 07:58:56.568024,eth_getBlockByNumber,
798,2024-02-19 07:58:55.803052,2024-02-19 07:58:56.968394,eth_getBlockByNumber,
799,2024-02-19 07:58:55.807784,2024-02-19 07:58:56.438630,eth_getBlockByNumber,
800,2024-02-19 07:58:55.819335,2024-02-19 07:58:56.450338,eth_getBlockByNumber,
801,2024-02-19 07:58:55.832754,2024-02-19 07:58:56.614406,eth_getBlockByNumber,
802,2024-02-19 07:58:55.856405,2024-02-19 07:58:56.850681,eth_getBlockByNumber,
803,2024-02-19 07:58:55.864130,2024-02-19 07:58:56.679408,eth_getBlockByNumber,
804,2024-02-19 07:58:55.866435,2024-02-19 07:58:58.038538,eth_getBlockByNumber,
805,2024-02-19 07:58:55.890592,2024-02-19 07:58:56.540839,eth_getBlockByNumber,
806,2024-02-19 07:58:55.906244,2024-02-19 07:58:57.723188,eth_getBlockByNumber,
807,2024-02-19 07:58:55.908287,2024-02-19 07:58:56.580337,eth_getBlockByNumber,
808,2024-02-19 07:58:55.923248,2024-02-19 07:58:56.738346,eth_getBlockByNumber,
809,2024-02-19 07:58:55.932895,2024-02-19 07:58:56.711178,eth_getBlockByNumber,
810,2024-02-19 07:58:55.948596,2024-02-19 07:58:56.667676,eth_getBlockByNumber,
811,2024-02-19 07:58:55.953443,2024-02-19 07:58:57.149197,eth_getBlockByNumber,
812,2024-02-19 07:58:55.964378,2024-02-19 07:58:57.162097,eth_getBlockByNumber,
813,2024-02-19 07:58:55.970127,2024-02-19 07:58:56.687695,eth_getBlockByNumber,
814,2024-02-19 07:58:55.975793,2024-02-19 07:58:57.300658,eth_getBlockByNumber,
815,2024-02-19 07:58:55.979273,2024-02-19 07:58:56.836099,eth_getBlockByNumber,
816,2024-02-19 07:58:55.982026,2024-02-19 07:58:56.885971,eth_getBlockByNumber,
817,2024-02-19 07:58:55.988432,2024-02-19 07:58:56.633853,eth_getBlockByNumber,
818,2024-02-19 07:58:55.993622,2024-02-19 07:58:57.353067,eth_getBlockByNumber,
819,2024-02-19 07:58:55.999144,2024-02-19 07:58:56.741951,eth_getBlockByNumber,
820,2024-02-19 07:58:56.009098,2024-02-19 07:58:57.478564,eth_getBlockByNumber,
821,2024-02-19 07:58:56.019724,2024-02-19 07:58:56.790009,eth_getBlockByNumber,
822,2024-02-19 07:58:56.022027,2024-02-19 07:58:58.398802,eth_getBlockByNumber,
823,2024-02-19 07:58:56.028862,2024-02-19 07:58:58.237361,eth_getBlockByNumber,
824,2024-02-19 07:58:56.035614,2024-02-19 07:58:56.770316,eth_getBlockByNumber,
825,2024-02-19 07:58:56.049498,2024-02-19 07:58:56.822744,eth_getBlockByNumber,
826,2024-02-19 07:58:56.060124,2024-02-19 07:58:57.040872,eth_getBlockByNumber,
827,2024-02-19 07:58:56.078006,2024-02-19 07:58:56.870865,eth_getBlockByNumber,
828,2024-02-19 07:58:56.081143,2024-02-19 07:58:56.875807,eth_getBlockByNumber,
829,2024-02-19 07:58:56.107947,2024-02-19 07:58:57.129419,eth_getBlockByNumber,
830,2024-02-19 07:58:56.112502,2024-02-19 07:58:58.045598,eth_getBlockByNumber,
831,2024-02-19 07:58:56.120609,2024-02-19 07:58:57.171927,eth_getBlockByNumber,
832,2024-02-19 07:58:56.123598,2024-02-19 07:58:56.977481,eth_getBlockByNumber,
833,2024-02-19 07:58:56.156044,2024-02-19 07:58:56.948348,eth_getBlockByNumber,
834,2024-02-19 07:58:56.161080,2024-02-19 07:58:57.280442,eth_getBlockByNumber,
835,2024-02-19 07:58:56.197898,2024-02-19 07:58:57.025835,eth_getBlockByNumber,
836,2024-02-19 07:58:56.209349,2024-02-19 07:58:57.174038,eth_getBlockByNumber,
837,2024-02-19 07:58:56.218060,2024-02-19 07:58:57.557368,eth_getBlockByNumber,
838,2024-02-19 07:58:56.237725,2024-02-19 07:58:57.005788,eth_getBlockByNumber,
839,2024-02-19 07:58:56.251988,2024-02-19 07:58:57.019303,eth_getBlockByNumber,
840,2024-02-19 07:58:56.254216,2024-02-19 07:58:57.430188,eth_getBlockByNumber,
841,2024-02-19 07:58:56.263969,2024-02-19 07:58:56.999914,eth_getBlockByNumber,
842,2024-02-19 07:58:56.278035,2024-02-19 07:58:57.047445,eth_getBlockByNumber,
843,2024-02-19 07:58:56.284413,2024-02-19 07:58:57.411634,eth_getBlockByNumber,
844,2024-02-19 07:58:56.293217,2024-02-19 07:58:56.988375,eth_getBlockByNumber,
845,2024-02-19 07:58:56.298414,2024-02-19 07:58:57.908519,eth_getBlockByNumber,
846,2024-02-19 07:58:56.335145,2024-02-19 07:58:57.036764,eth_getBlockByNumber,
847,2024-02-19 07:58:56.337054,2024-02-19 07:58:57.168531,eth_getBlockByNumber,
848,2024-02-19 07:58:56.398259,2024-02-19 07:58:57.214412,eth_getBlockByNumber,
849,2024-02-19 07:58:56.399425,2024-02-19 07:58:57.244209,eth_getBlockByNumber,
850,2024-02-19 07:58:56.408439,2024-02-19 07:58:58.547032,eth_getBlockByNumber,
851,2024-02-19 07:58:56.422563,2024-02-19 07:58:57.321036,eth_getBlockByNumber,
852,2024-02-19 07:58:56.423452,2024-02-19 07:58:57.199377,eth_getBlockByNumber,
853,2024-02-19 07:58:56.435847,2024-02-19 07:58:57.139320,eth_getBlockByNumber,
854,2024-02-19 07:58:56.439631,2024-02-19 07:58:58.542974,eth_getBlockByNumber,
855,2024-02-19 07:58:56.446392,2024-02-19 07:58:58.028764,eth_getBlockByNumber,
856,2024-02-19 07:58:56.451506,2024-02-19 07:58:57.054671,eth_getBlockByNumber,
857,2024-02-19 07:58:56.457304,2024-02-19 07:58:57.097232,eth_getBlockByNumber,
858,2024-02-19 07:58:56.474394,2024-02-19 07:58:57.660056,eth_getBlockByNumber,
859,2024-02-19 07:58:56.483793,2024-02-19 07:58:57.704503,eth_getBlockByNumber,
860,2024-02-19 07:58:56.492474,2024-02-19 07:58:57.539065,eth_getBlockByNumber,
861,2024-02-19 07:58:56.509035,2024-02-19 07:58:57.452054,eth_getBlockByNumber,
862,2024-02-19 07:58:56.513000,2024-02-19 07:58:57.240872,eth_getBlockByNumber,
863,2024-02-19 07:58:56.519985,2024-02-19 07:58:57.218320,eth_getBlockByNumber,
864,2024-02-19 07:58:56.523997,2024-02-19 07:58:58.089046,eth_getBlockByNumber,
865,2024-02-19 07:58:56.532783,2024-02-19 07:58:57.566167,eth_getBlockByNumber,
866,2024-02-19 07:58:56.542094,2024-02-19 07:58:57.439059,eth_getBlockByNumber,
867,2024-02-19 07:58:56.569645,2024-02-19 07:58:57.581055,eth_getBlockByNumber,
868,2024-02-19 07:58:56.581378,2024-02-19 07:58:57.340782,eth_getBlockByNumber,
869,2024-02-19 07:58:56.596803,2024-02-19 07:58:58.006885,eth_getBlockByNumber,
870,2024-02-19 07:58:56.606301,2024-02-19 07:58:57.262931,eth_getBlockByNumber,
871,2024-02-19 07:58:56.610405,2024-02-19 07:58:58.103026,eth_getBlockByNumber,
872,2024-02-19 07:58:56.615638,2024-02-19 07:58:57.331863,eth_getBlockByNumber,
873,2024-02-19 07:58:56.629775,2024-02-19 07:58:57.278395,eth_getBlockByNumber,
874,2024-02-19 07:58:56.635043,2024-02-19 07:58:57.427128,eth_getBlockByNumber,
875,2024-02-19 07:58:56.643686,2024-02-19 07:58:57.361054,eth_getBlockByNumber,
876,2024-02-19 07:58:56.649783,2024-02-19 07:58:57.587989,eth_getBlockByNumber,
877,2024-02-19 07:58:56.665894,2024-02-19 07:58:57.385972,eth_getBlockByNumber,
878,2024-02-19 07:58:56.669199,2024-02-19 07:58:57.314616,eth_getBlockByNumber,
879,2024-02-19 07:58:56.680933,2024-02-19 07:58:57.959090,eth_getBlockByNumber,
880,2024-02-19 07:58:56.688899,2024-02-19 07:58:57.405927,eth_getBlockByNumber,
881,2024-02-19 07:58:56.712492,2024-02-19 07:58:57.691230,eth_getBlockByNumber,
882,2024-02-19 07:58:56.729885,2024-02-19 07:58:57.423240,eth_getBlockByNumber,
883,2024-02-19 07:58:56.733782,2024-02-19 07:58:57.679260,eth_getBlockByNumber,
884,2024-02-19 07:58:56.739970,2024-02-19 07:58:57.846234,eth_getBlockByNumber,
885,2024-02-19 07:58:56.742785,2024-02-19 07:58:57.620990,eth_getBlockByNumber,
886,2024-02-19 07:58:56.763225,2024-02-19 07:58:58.408917,eth_getBlockByNumber,
887,2024-02-19 07:58:56.771886,2024-02-19 07:58:58.626534,eth_getBlockByNumber,
888,2024-02-19 07:58:56.789264,2024-02-19 07:58:57.459340,eth_getBlockByNumber,
889,2024-02-19 07:58:56.791771,2024-02-19 07:58:57.899237,eth_getBlockByNumber,
890,2024-02-19 07:58:56.801692,2024-02-19 07:58:57.673651,eth_getBlockByNumber,
891,2024-02-19 07:58:56.806758,2024-02-19 07:58:58.197339,eth_getBlockByNumber,
892,2024-02-19 07:58:56.812257,2024-02-19 07:58:57.391583,eth_getBlockByNumber,
893,2024-02-19 07:58:56.824088,2024-02-19 07:58:57.486432,eth_getBlockByNumber,
894,2024-02-19 07:58:56.830213,2024-02-19 07:58:57.892139,eth_getBlockByNumber,
895,2024-02-19 07:58:56.837518,2024-02-19 07:58:58.063450,eth_getBlockByNumber,
896,2024-02-19 07:58:56.849675,2024-02-19 07:58:57.576001,eth_getBlockByNumber,
897,2024-02-19 07:58:56.854143,2024-02-19 07:58:57.778678,eth_getBlockByNumber,
898,2024-02-19 07:58:56.862362,2024-02-19 07:58:57.956179,eth_getBlockByNumber,
899,2024-02-19 07:58:56.868714,2024-02-19 07:58:58.107113,eth_getBlockByNumber,
900,2024-02-19 07:58:56.872385,2024-02-19 07:58:57.590243,eth_getBlockByNumber,
901,2024-02-19 07:58:56.877178,2024-02-19 07:58:57.932125,eth_getBlockByNumber,
902,2024-02-19 07:58:56.887540,2024-02-19 07:58:57.523561,eth_getBlockByNumber,
903,2024-02-19 07:58:56.898814,2024-02-19 07:58:57.726179,eth_getBlockByNumber,
904,2024-02-19 07:58:56.920506,2024-02-19 07:58:58.122019,eth_getBlockByNumber,
905,2024-02-19 07:58:56.935655,2024-02-19 07:58:57.791419,eth_getBlockByNumber,
906,2024-02-19 07:58:56.949796,2024-02-19 07:58:57.744544,eth_getBlockByNumber,
907,2024-02-19 07:58:56.961417,2024-02-19 07:58:57.717235,eth_getBlockByNumber,
908,2024-02-19 07:58:56.970020,2024-02-19 07:58:57.795479,eth_getBlockByNumber,
909,2024-02-19 07:58:56.978920,2024-02-19 07:58:58.173671,eth_getBlockByNumber,
910,2024-02-19 07:58:56.989563,2024-02-19 07:58:58.364346,eth_getBlockByNumber,
911,2024-02-19 07:58:57.001038,2024-02-19 07:58:58.158969,eth_getBlockByNumber,
912,2024-02-19 07:58:57.006681,2024-02-19 07:58:58.256721,eth_getBlockByNumber,
913,2024-02-19 07:58:57.020292,2024-02-19 07:58:57.815907,eth_getBlockByNumber,
914,2024-02-19 07:58:57.027067,2024-02-19 07:58:57.784035,eth_getBlockByNumber,
915,2024-02-19 07:58:57.037963,2024-02-19 07:58:57.801443,eth_getBlockByNumber,
916,2024-02-19 07:58:57.042736,2024-02-19 07:58:57.639084,eth_getBlockByNumber,
917,2024-02-19 07:58:57.048584,2024-02-19 07:58:58.002338,eth_getBlockByNumber,
918,2024-02-19 07:58:57.055816,2024-02-19 07:58:58.678557,eth_getBlockByNumber,
919,2024-02-19 07:58:57.068256,2024-02-19 07:58:57.986314,eth_getBlockByNumber,
920,2024-02-19 07:58:57.080398,2024-02-19 07:58:57.926301,eth_getBlockByNumber,
921,2024-02-19 07:58:57.098011,2024-02-19 07:58:58.074201,eth_getBlockByNumber,
922,2024-02-19 07:58:57.131609,2024-02-19 07:58:58.019856,eth_getBlockByNumber,
923,2024-02-19 07:58:57.140508,2024-02-19 07:58:57.862570,eth_getBlockByNumber,
924,2024-02-19 07:58:57.150841,2024-02-19 07:58:58.331641,eth_getBlockByNumber,
925,2024-02-19 07:58:57.163530,2024-02-19 07:58:57.922229,eth_getBlockByNumber,
926,2024-02-19 07:58:57.169737,2024-02-19 07:58:57.929839,eth_getBlockByNumber,
927,2024-02-19 07:58:57.173037,2024-02-19 07:58:58.167520,eth_getBlockByNumber,
928,2024-02-19 07:58:57.175516,2024-02-19 07:58:57.832181,eth_getBlockByNumber,
929,2024-02-19 07:58:57.194780,2024-02-19 07:58:58.523083,eth_getBlockByNumber,
930,2024-02-19 07:58:57.200934,2024-02-19 07:58:57.885854,eth_getBlockByNumber,
931,2024-02-19 07:58:57.215591,2024-02-19 07:58:58.094362,eth_getBlockByNumber,
932,2024-02-19 07:58:57.219606,2024-02-19 07:58:57.978375,eth_getBlockByNumber,
933,2024-02-19 07:58:57.241673,2024-02-19 07:58:57.942254,eth_getBlockByNumber,
934,2024-02-19 07:58:57.246256,2024-02-19 07:58:58.278130,eth_getBlockByNumber,
935,2024-02-19 07:58:57.264009,2024-02-19 07:58:58.403487,eth_getBlockByNumber,
936,2024-02-19 07:58:57.279221,2024-02-19 07:58:58.069314,eth_getBlockByNumber,
937,2024-02-19 07:58:57.282521,2024-02-19 07:58:58.149400,eth_getBlockByNumber,
938,2024-02-19 07:58:57.303516,2024-02-19 07:58:58.058167,eth_getBlockByNumber,
939,2024-02-19 07:58:57.315742,2024-02-19 07:58:58.070659,eth_getBlockByNumber,
940,2024-02-19 07:58:57.322376,2024-02-19 07:58:58.182834,eth_getBlockByNumber,
941,2024-02-19 07:58:57.332941,2024-02-19 07:58:58.250945,eth_getBlockByNumber,
942,2024-02-19 07:58:57.342263,2024-02-19 07:58:58.120303,eth_getBlockByNumber,
943,2024-02-19 07:58:57.355009,2024-02-19 07:58:58.130512,eth_getBlockByNumber,
944,2024-02-19 07:58:57.362849,2024-02-19 07:58:58.370149,eth_getBlockByNumber,
945,2024-02-19 07:58:57.387131,2024-02-19 07:58:58.480183,eth_getBlockByNumber,
946,2024-02-19 07:58:57.392658,2024-02-19 07:58:58.301559,eth_getBlockByNumber,
947,2024-02-19 07:58:57.407454,2024-02-19 07:58:58.143216,eth_getBlockByNumber,
948,2024-02-19 07:58:57.417399,2024-02-19 07:58:58.147394,eth_getBlockByNumber,
949,2024-02-19 07:58:57.424326,2024-02-19 07:58:58.687590,eth_getBlockByNumber,
950,2024-02-19 07:58:57.428522,2024-02-19 07:58:58.154295,eth_getBlockByNumber,
951,2024-02-19 07:58:57.432709,2024-02-19 07:58:58.385690,eth_getBlockByNumber,
952,2024-02-19 07:58:57.440187,2024-02-19 07:58:58.109511,eth_getBlockByNumber,
953,2024-02-19 07:58:57.449216,2024-02-19 07:58:58.192218,eth_getBlockByNumber,
954,2024-02-19 07:58:57.453248,2024-02-19 07:58:58.446948,eth_getBlockByNumber,
955,2024-02-19 07:58:57.460886,2024-02-19 07:58:58.410661,eth_getBlockByNumber,
956,2024-02-19 07:58:57.481169,2024-02-19 07:58:58.210086,eth_getBlockByNumber,
957,2024-02-19 07:58:57.487528,2024-02-19 07:58:58.324815,eth_getBlockByNumber,
958,2024-02-19 07:58:57.524961,2024-02-19 07:58:58.459485,eth_getBlockByNumber,
959,2024-02-19 07:58:57.533581,2024-02-19 07:58:58.265510,eth_getBlockByNumber,
960,2024-02-19 07:58:57.540734,2024-02-19 07:58:58.225556,eth_getBlockByNumber,
961,2024-02-19 07:58:57.559132,2024-02-19 07:58:58.423398,eth_getBlockByNumber,
962,2024-02-19 07:58:57.568956,2024-02-19 07:58:58.284238,eth_getBlockByNumber,
963,2024-02-19 07:58:57.577337,2024-02-19 07:58:58.490956,eth_getBlockByNumber,
964,2024-02-19 07:58:57.583404,2024-02-19 07:58:58.513848,eth_getBlockByNumber,
965,2024-02-19 07:58:57.589398,2024-02-19 07:58:58.231559,eth_getBlockByNumber,
966,2024-02-19 07:58:57.591409,2024-02-19 07:58:58.375247,eth_getBlockByNumber,
967,2024-02-19 07:58:57.617298,2024-02-19 07:58:58.305681,eth_getBlockByNumber,
968,2024-02-19 07:58:57.624102,2024-02-19 07:58:58.357113,eth_getBlockByNumber,
969,2024-02-19 07:58:57.636483,2024-02-19 07:58:58.329051,eth_getBlockByNumber,
970,2024-02-19 07:58:57.639927,2024-02-19 07:58:58.314829,eth_getBlockByNumber,
971,2024-02-19 07:58:57.662674,2024-02-19 07:58:58.569660,eth_getBlockByNumber,
972,2024-02-19 07:58:57.675394,2024-02-19 07:58:58.337521,eth_getBlockByNumber,
973,2024-02-19 07:58:57.681242,2024-02-19 07:58:58.351228,eth_getBlockByNumber,
974,2024-02-19 07:58:57.693034,2024-02-19 07:58:58.466617,eth_getBlockByNumber,
975,2024-02-19 07:58:57.705931,2024-02-19 07:58:58.383008,eth_getBlockByNumber,
976,2024-02-19 07:58:57.718800,2024-02-19 07:58:58.373563,eth_getBlockByNumber,
977,2024-02-19 07:58:57.727303,2024-02-19 07:58:58.443464,eth_getBlockByNumber,
978,2024-02-19 07:58:57.728257,2024-02-19 07:58:58.527716,eth_getBlockByNumber,
979,2024-02-19 07:58:57.746123,2024-02-19 07:58:58.368917,eth_getBlockByNumber,
980,2024-02-19 07:58:57.780254,2024-02-19 07:58:58.589275,eth_getBlockByNumber,
981,2024-02-19 07:58:57.785648,2024-02-19 07:58:58.669437,eth_getBlockByNumber,
982,2024-02-19 07:58:57.793209,2024-02-19 07:58:58.475824,eth_getBlockByNumber,
983,2024-02-19 07:58:57.796924,2024-02-19 07:58:58.644220,eth_getBlockByNumber,
984,2024-02-19 07:58:57.802601,2024-02-19 07:58:58.413407,eth_getBlockByNumber,
985,2024-02-19 07:58:57.817122,2024-02-19 07:58:58.402119,eth_getBlockByNumber,
986,2024-02-19 07:58:57.833520,2024-02-19 07:58:58.509748,eth_getBlockByNumber,
987,2024-02-19 07:58:57.847926,2024-02-19 07:58:58.485720,eth_getBlockByNumber,
988,2024-02-19 07:58:57.863849,2024-02-19 07:58:58.517047,eth_getBlockByNumber,
989,2024-02-19 07:58:57.878992,2024-02-19 07:58:58.563008,eth_getBlockByNumber,
990,2024-02-19 07:58:57.887028,2024-02-19 07:58:58.617367,eth_getBlockByNumber,
991,2024-02-19 07:58:57.894319,2024-02-19 07:58:58.597263,eth_getBlockByNumber,
992,2024-02-19 07:58:57.900470,2024-02-19 07:58:58.499913,eth_getBlockByNumber,
993,2024-02-19 07:58:57.911411,2024-02-19 07:58:58.651579,eth_getBlockByNumber,
994,2024-02-19 07:58:57.923525,2024-02-19 07:58:58.566815,eth_getBlockByNumber,
995,2024-02-19 07:58:57.928028,2024-02-19 07:58:58.633847,eth_getBlockByNumber,
996,2024-02-19 07:58:57.930938,2024-02-19 07:58:58.607263,eth_getBlockByNumber,
997,2024-02-19 07:58:57.933428,2024-02-19 07:58:58.639863,eth_getBlockByNumber,
998,2024-02-19 07:58:57.943780,2024-02-19 07:58:58.662105,eth_getBlockByNumber,
999,2024-02-19 07:58:57.958062,2024-02-19 07:58:58.631367,eth_getBlockByNumber,
