,start,end,error
0,2024-02-21 08:16:11.785955,2024-02-21 08:16:13.075094,
1,2024-02-21 08:16:11.786796,2024-02-21 08:16:12.422071,
2,2024-02-21 08:16:11.787382,2024-02-21 08:16:13.003273,
3,2024-02-21 08:16:11.787795,2024-02-21 08:16:13.043264,
4,2024-02-21 08:16:11.788183,2024-02-21 08:16:12.178121,
5,2024-02-21 08:16:11.788613,2024-02-21 08:16:13.005996,
6,2024-02-21 08:16:11.789031,2024-02-21 08:16:12.448777,
7,2024-02-21 08:16:11.789556,2024-02-21 08:16:12.198075,
8,2024-02-21 08:16:11.789938,2024-02-21 08:16:12.205394,
9,2024-02-21 08:16:11.790260,2024-02-21 08:16:12.182271,
10,2024-02-21 08:16:11.790667,2024-02-21 08:16:12.218666,
11,2024-02-21 08:16:11.791021,2024-02-21 08:16:12.302737,
12,2024-02-21 08:16:11.791340,2024-02-21 08:16:12.194446,
13,2024-02-21 08:16:11.791702,2024-02-21 08:16:12.204355,
14,2024-02-21 08:16:11.792107,2024-02-21 08:16:12.268461,
15,2024-02-21 08:16:11.792455,2024-02-21 08:16:12.292523,
16,2024-02-21 08:16:11.792886,2024-02-21 08:16:12.255972,
17,2024-02-21 08:16:11.793225,2024-02-21 08:16:12.328434,
18,2024-02-21 08:16:11.793545,2024-02-21 08:16:12.305790,
19,2024-02-21 08:16:11.793874,2024-02-21 08:16:12.237301,
20,2024-02-21 08:16:11.794187,2024-02-21 08:16:12.353977,
21,2024-02-21 08:16:11.794556,2024-02-21 08:16:12.388175,
22,2024-02-21 08:16:11.794923,2024-02-21 08:16:12.291591,
23,2024-02-21 08:16:11.795248,2024-02-21 08:16:12.281186,
24,2024-02-21 08:16:11.795564,2024-02-21 08:16:12.317278,
25,2024-02-21 08:16:11.795888,2024-02-21 08:16:12.264582,
26,2024-02-21 08:16:11.796313,2024-02-21 08:16:12.987801,
27,2024-02-21 08:16:11.796636,2024-02-21 08:16:12.364416,
28,2024-02-21 08:16:11.796964,2024-02-21 08:16:12.287930,
29,2024-02-21 08:16:11.797290,2024-02-21 08:16:12.318339,
30,2024-02-21 08:16:11.797598,2024-02-21 08:16:12.272391,
31,2024-02-21 08:16:11.797922,2024-02-21 08:16:12.295290,
32,2024-02-21 08:16:11.798231,2024-02-21 08:16:12.365839,
33,2024-02-21 08:16:11.798579,2024-02-21 08:16:12.296414,
34,2024-02-21 08:16:11.798915,2024-02-21 08:16:12.310231,
35,2024-02-21 08:16:11.799335,2024-02-21 08:16:12.365544,
36,2024-02-21 08:16:11.799673,2024-02-21 08:16:12.224435,
37,2024-02-21 08:16:11.799993,2024-02-21 08:16:12.407589,
38,2024-02-21 08:16:11.800308,2024-02-21 08:16:12.388485,
39,2024-02-21 08:16:11.800622,2024-02-21 08:16:12.416792,
40,2024-02-21 08:16:11.800945,2024-02-21 08:16:12.398723,
41,2024-02-21 08:16:11.801252,2024-02-21 08:16:12.355365,
42,2024-02-21 08:16:11.801560,2024-02-21 08:16:12.263035,
43,2024-02-21 08:16:11.801894,2024-02-21 08:16:12.319867,
44,2024-02-21 08:16:11.802310,2024-02-21 08:16:12.245521,
45,2024-02-21 08:16:11.802684,2024-02-21 08:16:12.358421,
46,2024-02-21 08:16:11.803010,2024-02-21 08:16:12.344142,
47,2024-02-21 08:16:11.803327,2024-02-21 08:16:12.361507,
48,2024-02-21 08:16:11.803656,2024-02-21 08:16:13.012379,
49,2024-02-21 08:16:11.803987,2024-02-21 08:16:13.008360,
50,2024-02-21 08:16:11.804303,2024-02-21 08:16:12.220270,
51,2024-02-21 08:16:11.804620,2024-02-21 08:16:12.425252,
52,2024-02-21 08:16:11.804953,2024-02-21 08:16:12.302380,
53,2024-02-21 08:16:11.805272,2024-02-21 08:16:12.321838,
54,2024-02-21 08:16:11.805717,2024-02-21 08:16:12.370347,
55,2024-02-21 08:16:11.806046,2024-02-21 08:16:12.299208,
56,2024-02-21 08:16:11.806364,2024-02-21 08:16:12.419671,
57,2024-02-21 08:16:11.806725,2024-02-21 08:16:13.085511,
58,2024-02-21 08:16:11.807045,2024-02-21 08:16:12.381475,
59,2024-02-21 08:16:11.807402,2024-02-21 08:16:12.427853,
60,2024-02-21 08:16:11.807731,2024-02-21 08:16:12.383388,
61,2024-02-21 08:16:11.808044,2024-02-21 08:16:12.370077,
62,2024-02-21 08:16:11.808363,2024-02-21 08:16:12.448305,
63,2024-02-21 08:16:11.808837,2024-02-21 08:16:12.356324,
64,2024-02-21 08:16:11.809170,2024-02-21 08:16:12.371954,
65,2024-02-21 08:16:11.809479,2024-02-21 08:16:12.428686,
66,2024-02-21 08:16:11.809927,2024-02-21 08:16:12.407149,
67,2024-02-21 08:16:11.810264,2024-02-21 08:16:12.449657,
68,2024-02-21 08:16:11.810628,2024-02-21 08:16:12.369535,
69,2024-02-21 08:16:11.810981,2024-02-21 08:16:12.451627,
70,2024-02-21 08:16:11.811302,2024-02-21 08:16:12.434652,
71,2024-02-21 08:16:11.811617,2024-02-21 08:16:13.039003,
72,2024-02-21 08:16:11.813325,2024-02-21 08:16:12.309866,
73,2024-02-21 08:16:11.813718,2024-02-21 08:16:12.252666,
74,2024-02-21 08:16:11.814042,2024-02-21 08:16:12.402498,
75,2024-02-21 08:16:11.814364,2024-02-21 08:16:12.398118,
76,2024-02-21 08:16:11.815080,2024-02-21 08:16:12.438519,
77,2024-02-21 08:16:11.815489,2024-02-21 08:16:12.404155,
78,2024-02-21 08:16:11.815854,2024-02-21 08:16:12.330307,
79,2024-02-21 08:16:11.816202,2024-02-21 08:16:12.242920,
80,2024-02-21 08:16:11.816537,2024-02-21 08:16:12.333738,
81,2024-02-21 08:16:11.816998,2024-02-21 08:16:12.961780,
82,2024-02-21 08:16:11.817352,2024-02-21 08:16:12.411895,
83,2024-02-21 08:16:11.817708,2024-02-21 08:16:12.385410,
84,2024-02-21 08:16:11.818038,2024-02-21 08:16:12.442441,
85,2024-02-21 08:16:11.818373,2024-02-21 08:16:13.082633,
86,2024-02-21 08:16:11.818752,2024-02-21 08:16:12.388840,
87,2024-02-21 08:16:11.819079,2024-02-21 08:16:13.041626,
88,2024-02-21 08:16:11.819406,2024-02-21 08:16:12.361258,
89,2024-02-21 08:16:11.819748,2024-02-21 08:16:13.240198,
90,2024-02-21 08:16:11.820074,2024-02-21 08:16:12.282073,
91,2024-02-21 08:16:11.820517,2024-02-21 08:16:12.364838,
92,2024-02-21 08:16:11.820858,2024-02-21 08:16:13.054450,
93,2024-02-21 08:16:11.821181,2024-02-21 08:16:12.393811,
94,2024-02-21 08:16:11.821500,2024-02-21 08:16:13.056910,
95,2024-02-21 08:16:12.179170,2024-02-21 08:16:12.516664,
96,2024-02-21 08:16:12.183560,2024-02-21 08:16:12.585606,
97,2024-02-21 08:16:12.195768,2024-02-21 08:16:12.520305,
98,2024-02-21 08:16:12.199738,2024-02-21 08:16:13.296340,
99,2024-02-21 08:16:12.205987,2024-02-21 08:16:12.576246,
100,2024-02-21 08:16:12.208323,2024-02-21 08:16:12.644345,
101,2024-02-21 08:16:12.220587,2024-02-21 08:16:12.606322,
102,2024-02-21 08:16:12.222237,2024-02-21 08:16:12.544566,
103,2024-02-21 08:16:12.225720,2024-02-21 08:16:12.560708,
104,2024-02-21 08:16:12.238625,2024-02-21 08:16:12.558550,
105,2024-02-21 08:16:12.244135,2024-02-21 08:16:12.654787,
106,2024-02-21 08:16:12.246824,2024-02-21 08:16:12.883743,
107,2024-02-21 08:16:12.254514,2024-02-21 08:16:12.665268,
108,2024-02-21 08:16:12.257399,2024-02-21 08:16:12.677407,
109,2024-02-21 08:16:12.265272,2024-02-21 08:16:12.639127,
110,2024-02-21 08:16:12.266316,2024-02-21 08:16:12.610407,
111,2024-02-21 08:16:12.269418,2024-02-21 08:16:12.696462,
112,2024-02-21 08:16:12.273844,2024-02-21 08:16:12.581534,
113,2024-02-21 08:16:12.282215,2024-02-21 08:16:12.668447,
114,2024-02-21 08:16:12.283914,2024-02-21 08:16:12.698372,
115,2024-02-21 08:16:12.289312,2024-02-21 08:16:12.663327,
116,2024-02-21 08:16:12.293024,2024-02-21 08:16:12.675878,
117,2024-02-21 08:16:12.294513,2024-02-21 08:16:12.727452,
118,2024-02-21 08:16:12.296577,2024-02-21 08:16:12.709227,
119,2024-02-21 08:16:12.297984,2024-02-21 08:16:12.637636,
120,2024-02-21 08:16:12.300509,2024-02-21 08:16:12.667534,
121,2024-02-21 08:16:12.303577,2024-02-21 08:16:12.709659,
122,2024-02-21 08:16:12.304858,2024-02-21 08:16:12.678839,
123,2024-02-21 08:16:12.307552,2024-02-21 08:16:12.711234,
124,2024-02-21 08:16:12.311021,2024-02-21 08:16:12.768045,
125,2024-02-21 08:16:12.312270,2024-02-21 08:16:12.666010,
126,2024-02-21 08:16:12.318970,2024-02-21 08:16:12.648233,
127,2024-02-21 08:16:12.320122,2024-02-21 08:16:12.681597,
128,2024-02-21 08:16:12.321935,2024-02-21 08:16:12.716857,
129,2024-02-21 08:16:12.323589,2024-02-21 08:16:12.733226,
130,2024-02-21 08:16:12.329530,2024-02-21 08:16:12.718746,
131,2024-02-21 08:16:12.331682,2024-02-21 08:16:13.441359,
132,2024-02-21 08:16:12.334833,2024-02-21 08:16:12.674124,
133,2024-02-21 08:16:12.345051,2024-02-21 08:16:12.766402,
134,2024-02-21 08:16:12.355498,2024-02-21 08:16:12.754232,
135,2024-02-21 08:16:12.356725,2024-02-21 08:16:12.717387,
136,2024-02-21 08:16:12.357423,2024-02-21 08:16:12.793451,
137,2024-02-21 08:16:12.359562,2024-02-21 08:16:12.725214,
138,2024-02-21 08:16:12.362630,2024-02-21 08:16:13.499409,
139,2024-02-21 08:16:12.363328,2024-02-21 08:16:13.495889,
140,2024-02-21 08:16:12.365919,2024-02-21 08:16:12.781759,
141,2024-02-21 08:16:12.366730,2024-02-21 08:16:12.803757,
142,2024-02-21 08:16:12.368267,2024-02-21 08:16:12.776889,
143,2024-02-21 08:16:12.368808,2024-02-21 08:16:12.740345,
144,2024-02-21 08:16:12.370990,2024-02-21 08:16:12.758635,
145,2024-02-21 08:16:12.372061,2024-02-21 08:16:12.728437,
146,2024-02-21 08:16:12.372518,2024-02-21 08:16:13.482287,
147,2024-02-21 08:16:12.374022,2024-02-21 08:16:12.788295,
148,2024-02-21 08:16:12.382231,2024-02-21 08:16:12.796283,
149,2024-02-21 08:16:12.384177,2024-02-21 08:16:12.778266,
150,2024-02-21 08:16:12.386547,2024-02-21 08:16:12.799712,
151,2024-02-21 08:16:12.389286,2024-02-21 08:16:12.787265,
152,2024-02-21 08:16:12.390091,2024-02-21 08:16:12.785201,
153,2024-02-21 08:16:12.391350,2024-02-21 08:16:12.802952,
154,2024-02-21 08:16:12.394895,2024-02-21 08:16:12.784234,
155,2024-02-21 08:16:12.399087,2024-02-21 08:16:12.805863,
156,2024-02-21 08:16:12.400128,2024-02-21 08:16:12.788006,
157,2024-02-21 08:16:12.403169,2024-02-21 08:16:12.793254,
158,2024-02-21 08:16:12.405155,2024-02-21 08:16:13.496710,
159,2024-02-21 08:16:12.407984,2024-02-21 08:16:12.761571,
160,2024-02-21 08:16:12.408832,2024-02-21 08:16:13.542747,
161,2024-02-21 08:16:12.412632,2024-02-21 08:16:12.816864,
162,2024-02-21 08:16:12.417392,2024-02-21 08:16:13.532221,
163,2024-02-21 08:16:12.420402,2024-02-21 08:16:13.542999,
164,2024-02-21 08:16:12.422614,2024-02-21 08:16:12.772071,
165,2024-02-21 08:16:12.426021,2024-02-21 08:16:13.499005,
166,2024-02-21 08:16:12.429074,2024-02-21 08:16:13.499605,
167,2024-02-21 08:16:12.430092,2024-02-21 08:16:12.822575,
168,2024-02-21 08:16:12.435215,2024-02-21 08:16:12.806840,
169,2024-02-21 08:16:12.439019,2024-02-21 08:16:13.538039,
170,2024-02-21 08:16:12.443068,2024-02-21 08:16:12.819907,
171,2024-02-21 08:16:12.448922,2024-02-21 08:16:12.826611,
172,2024-02-21 08:16:12.449750,2024-02-21 08:16:13.533684,
173,2024-02-21 08:16:12.450624,2024-02-21 08:16:13.509967,
174,2024-02-21 08:16:12.452060,2024-02-21 08:16:12.787515,
175,2024-02-21 08:16:12.516791,2024-02-21 08:16:12.833981,
176,2024-02-21 08:16:12.520563,2024-02-21 08:16:12.827793,
177,2024-02-21 08:16:12.544707,2024-02-21 08:16:12.902847,
178,2024-02-21 08:16:12.558815,2024-02-21 08:16:12.956814,
179,2024-02-21 08:16:12.560883,2024-02-21 08:16:12.885115,
180,2024-02-21 08:16:12.576370,2024-02-21 08:16:12.886236,
181,2024-02-21 08:16:12.581956,2024-02-21 08:16:12.940204,
182,2024-02-21 08:16:12.585739,2024-02-21 08:16:12.891525,
183,2024-02-21 08:16:12.606438,2024-02-21 08:16:12.986421,
184,2024-02-21 08:16:12.610604,2024-02-21 08:16:12.989089,
185,2024-02-21 08:16:12.638066,2024-02-21 08:16:12.944759,
186,2024-02-21 08:16:12.639562,2024-02-21 08:16:12.987053,
187,2024-02-21 08:16:12.645136,2024-02-21 08:16:12.978028,
188,2024-02-21 08:16:12.649800,2024-02-21 08:16:13.023017,
189,2024-02-21 08:16:12.655533,2024-02-21 08:16:13.018719,
190,2024-02-21 08:16:12.663959,2024-02-21 08:16:13.038135,
191,2024-02-21 08:16:12.666112,2024-02-21 08:16:13.040008,
192,2024-02-21 08:16:12.667654,2024-02-21 08:16:13.024246,
193,2024-02-21 08:16:12.668910,2024-02-21 08:16:13.748512,
194,2024-02-21 08:16:12.669778,2024-02-21 08:16:12.971296,
195,2024-02-21 08:16:12.676211,2024-02-21 08:16:13.035611,
196,2024-02-21 08:16:12.677541,2024-02-21 08:16:13.052982,
197,2024-02-21 08:16:12.678956,2024-02-21 08:16:12.974230,
198,2024-02-21 08:16:12.680043,2024-02-21 08:16:13.048937,
199,2024-02-21 08:16:12.682194,2024-02-21 08:16:13.000765,
200,2024-02-21 08:16:12.697354,2024-02-21 08:16:13.086809,
201,2024-02-21 08:16:12.699662,2024-02-21 08:16:13.057413,
202,2024-02-21 08:16:12.710356,2024-02-21 08:16:13.190433,
203,2024-02-21 08:16:12.711343,2024-02-21 08:16:13.083957,
204,2024-02-21 08:16:12.712504,2024-02-21 08:16:13.069370,
205,2024-02-21 08:16:12.718963,2024-02-21 08:16:13.090832,
206,2024-02-21 08:16:12.719899,2024-02-21 08:16:13.114250,
207,2024-02-21 08:16:12.721382,2024-02-21 08:16:13.072824,
208,2024-02-21 08:16:12.726379,2024-02-21 08:16:13.085115,
209,2024-02-21 08:16:12.728625,2024-02-21 08:16:13.058865,
210,2024-02-21 08:16:12.730283,2024-02-21 08:16:13.053340,
211,2024-02-21 08:16:12.735216,2024-02-21 08:16:13.088048,
212,2024-02-21 08:16:12.741621,2024-02-21 08:16:13.116200,
213,2024-02-21 08:16:12.756154,2024-02-21 08:16:13.867088,
214,2024-02-21 08:16:12.759894,2024-02-21 08:16:13.831806,
215,2024-02-21 08:16:12.763312,2024-02-21 08:16:13.092346,
216,2024-02-21 08:16:12.768266,2024-02-21 08:16:13.898571,
217,2024-02-21 08:16:12.769855,2024-02-21 08:16:13.094608,
218,2024-02-21 08:16:12.772931,2024-02-21 08:16:13.102452,
219,2024-02-21 08:16:12.778376,2024-02-21 08:16:13.106938,
220,2024-02-21 08:16:12.779552,2024-02-21 08:16:13.102749,
221,2024-02-21 08:16:12.782724,2024-02-21 08:16:13.112488,
222,2024-02-21 08:16:12.785469,2024-02-21 08:16:13.095380,
223,2024-02-21 08:16:12.786413,2024-02-21 08:16:13.109102,
224,2024-02-21 08:16:12.788422,2024-02-21 08:16:13.116542,
225,2024-02-21 08:16:12.788867,2024-02-21 08:16:13.202162,
226,2024-02-21 08:16:12.789743,2024-02-21 08:16:13.113695,
227,2024-02-21 08:16:12.790364,2024-02-21 08:16:13.110086,
228,2024-02-21 08:16:12.794975,2024-02-21 08:16:13.240380,
229,2024-02-21 08:16:12.795482,2024-02-21 08:16:13.880609,
230,2024-02-21 08:16:12.797223,2024-02-21 08:16:13.285848,
231,2024-02-21 08:16:12.800619,2024-02-21 08:16:13.141600,
232,2024-02-21 08:16:12.804020,2024-02-21 08:16:13.127883,
233,2024-02-21 08:16:12.804916,2024-02-21 08:16:13.288926,
234,2024-02-21 08:16:12.806940,2024-02-21 08:16:13.236731,
235,2024-02-21 08:16:12.808236,2024-02-21 08:16:13.381424,
236,2024-02-21 08:16:12.817193,2024-02-21 08:16:13.128478,
237,2024-02-21 08:16:12.820322,2024-02-21 08:16:13.130370,
238,2024-02-21 08:16:12.823254,2024-02-21 08:16:13.292766,
239,2024-02-21 08:16:12.826905,2024-02-21 08:16:13.142039,
240,2024-02-21 08:16:12.828074,2024-02-21 08:16:13.131630,
241,2024-02-21 08:16:12.834153,2024-02-21 08:16:13.239286,
242,2024-02-21 08:16:12.884032,2024-02-21 08:16:13.240816,
243,2024-02-21 08:16:12.885343,2024-02-21 08:16:13.296139,
244,2024-02-21 08:16:12.886636,2024-02-21 08:16:13.180431,
245,2024-02-21 08:16:12.891775,2024-02-21 08:16:13.407748,
246,2024-02-21 08:16:12.902977,2024-02-21 08:16:13.240644,
247,2024-02-21 08:16:12.940327,2024-02-21 08:16:13.409253,
248,2024-02-21 08:16:12.944879,2024-02-21 08:16:13.260478,
249,2024-02-21 08:16:12.956950,2024-02-21 08:16:13.289828,
250,2024-02-21 08:16:12.961943,2024-02-21 08:16:13.292100,
251,2024-02-21 08:16:12.971616,2024-02-21 08:16:13.319741,
252,2024-02-21 08:16:12.974408,2024-02-21 08:16:13.291878,
253,2024-02-21 08:16:12.978305,2024-02-21 08:16:13.318313,
254,2024-02-21 08:16:12.987166,2024-02-21 08:16:13.320647,
255,2024-02-21 08:16:12.988168,2024-02-21 08:16:13.301322,
256,2024-02-21 08:16:12.988629,2024-02-21 08:16:13.406996,
257,2024-02-21 08:16:12.989491,2024-02-21 08:16:13.295450,
258,2024-02-21 08:16:13.001716,2024-02-21 08:16:13.317597,
259,2024-02-21 08:16:13.004136,2024-02-21 08:16:13.297875,
260,2024-02-21 08:16:13.006586,2024-02-21 08:16:13.316519,
261,2024-02-21 08:16:13.008752,2024-02-21 08:16:13.319366,
262,2024-02-21 08:16:13.013082,2024-02-21 08:16:13.317061,
263,2024-02-21 08:16:13.019754,2024-02-21 08:16:13.370263,
264,2024-02-21 08:16:13.024348,2024-02-21 08:16:13.367663,
265,2024-02-21 08:16:13.025974,2024-02-21 08:16:13.370933,
266,2024-02-21 08:16:13.036323,2024-02-21 08:16:13.349221,
267,2024-02-21 08:16:13.039116,2024-02-21 08:16:13.371157,
268,2024-02-21 08:16:13.040295,2024-02-21 08:16:13.346133,
269,2024-02-21 08:16:13.040820,2024-02-21 08:16:13.349462,
270,2024-02-21 08:16:13.042318,2024-02-21 08:16:13.363721,
271,2024-02-21 08:16:13.044207,2024-02-21 08:16:13.379982,
272,2024-02-21 08:16:13.049442,2024-02-21 08:16:13.343873,
273,2024-02-21 08:16:13.053743,2024-02-21 08:16:13.388360,
274,2024-02-21 08:16:13.054598,2024-02-21 08:16:13.369764,
275,2024-02-21 08:16:13.055384,2024-02-21 08:16:13.388599,
276,2024-02-21 08:16:13.057890,2024-02-21 08:16:13.404104,
277,2024-02-21 08:16:13.059038,2024-02-21 08:16:13.445217,
278,2024-02-21 08:16:13.059751,2024-02-21 08:16:13.375377,
279,2024-02-21 08:16:13.069872,2024-02-21 08:16:13.375837,
280,2024-02-21 08:16:13.073537,2024-02-21 08:16:13.382291,
281,2024-02-21 08:16:13.075622,2024-02-21 08:16:13.386098,
282,2024-02-21 08:16:13.082907,2024-02-21 08:16:13.409612,
283,2024-02-21 08:16:13.084348,2024-02-21 08:16:13.395745,
284,2024-02-21 08:16:13.085588,2024-02-21 08:16:13.395435,
